"Data Source","World Development Indicators",

"Last Updated Date","2023-06-29",

"Country Name","Country Code","Indicator Name","Indicator Code","1960","1961","1962","1963","1964","1965","1966","1967","1968","1969","1970","1971","1972","1973","1974","1975","1976","1977","1978","1979","1980","1981","1982","1983","1984","1985","1986","1987","1988","1989","1990","1991","1992","1993","1994","1995","1996","1997","1998","1999","2000","2001","2002","2003","2004","2005","2006","2007","2008","2009","2010","2011","2012","2013","2014","2015","2016","2017","2018","2019","2020","2021","2022",
"Aruba","ABW","Population living in slums (% of urban population)","EN.POP.SLUM.UR.ZS","","","","","","","","","","","","","","","","","","","","","","","","","","","","","","","","","","","","","","","","","","","","","","","","","","","","","","","","","","","","","","","",
"Africa Eastern and Southern","AFE","Population living in slums (% of urban population)","EN.POP.SLUM.UR.ZS","","","","","","","","","","","","","","","","","","","","","","","","","","","","","","","","","","","","","","","","","55.3704283310768","","60.6544044833533","","59.5995583529185","","59.1332882467887","","58.4211449809295","","57.6771929585988","","56.9068102992281","","56.1389565275885","","55.3487111187575","","54.6729401643048","","54.3863511297165","","",
"Afghanistan","AFG","Population living in slums (% of urban population)","EN.POP.SLUM.UR.ZS","","","","","","","","","","","","","","","","","","","","","","","","","","","","","","","","","","","","","","","","","","","","","","","63.6","","63.6","","64.80761","","67.24795","","69.68829","","72.12863","","73.3","","73.3","","",
"Africa Western and Central","AFW","Population living in slums (% of urban population)","EN.POP.SLUM.UR.ZS","","","","","","","","","","","","","","","","","","","","","","","","","","","","","","","","","","","","","","","","","71.2977916220303","","69.022258999756","","66.5767276282419","","64.027424027738","","61.5008402200387","","58.9139334015265","","56.3153508557757","","53.7145973267546","","51.1209965189702","","48.698233778138","","46.2571803729386","","",
"Angola","AGO","Population living in slums (% of urban population)","EN.POP.SLUM.UR.ZS","","","","","","","","","","","","","","","","","","","","","","","","","","","","","","","","","","","","","","","","","19.7","","19.7","","19.66039","","25.79191","","31.92344","","38.05496","","44.18648","","50.31801","","56.44953","","62.58105","","62.6","","",
"Albania","ALB","Population living in slums (% of urban population)","EN.POP.SLUM.UR.ZS","","","","","","","","","","","","","","","","","","","","","","","","","","","","","","","","","","","","","","","","","28.1","","25.5","","23","","20.5","","17.9","","15.4","","12.9","","10.3","","7.8","","5.3","","2.8","","",
"Andorra","AND","Population living in slums (% of urban population)","EN.POP.SLUM.UR.ZS","","","","","","","","","","","","","","","","","","","","","","","","","","","","","","","","","","","","","","","","","","","","","","","","","","","","","","","","","","","","","","","",
"Arab World","ARB","Population living in slums (% of urban population)","EN.POP.SLUM.UR.ZS","","","","","","","","","","","","","","","","","","","","","","","","","","","","","","","","","","","","","","","","","","","","","","","39.1107752976327","","34.7668860727617","","31.8523767002419","","28.6539253680343","","25.5001086880115","","23.6471195319722","","23.9740705699105","","","","",
"United Arab Emirates","ARE","Population living in slums (% of urban population)","EN.POP.SLUM.UR.ZS","","","","","","","","","","","","","","","","","","","","","","","","","","","","","","","","","","","","","","","","","","","","","","","","","","","","","","","","","","","","","","","",
"Argentina","ARG","Population living in slums (% of urban population)","EN.POP.SLUM.UR.ZS","","","","","","","","","","","","","","","","","","","","","","","","","","","","","","","","","","","","","","","","","20.29188","","19.56624","","18.84059","","18.11494","","17.3893","","16.66365","","15.93801","","","","","","","","","","",
"Armenia","ARM","Population living in slums (% of urban population)","EN.POP.SLUM.UR.ZS","","","","","","","","","","","","","","","","","","","","","","","","","","","","","","","","","","","","","","","","","12.79599","","12.30696","","11.81793","","11.3289","","10.83987","","10.35084","","9.86181","","9.37278","","8.88375","","8.39472","","8.39472","","",
"American Samoa","ASM","Population living in slums (% of urban population)","EN.POP.SLUM.UR.ZS","","","","","","","","","","","","","","","","","","","","","","","","","","","","","","","","","","","","","","","","","","","","","","","","","","","","","","","","","","","","","","","",
"Antigua and Barbuda","ATG","Population living in slums (% of urban population)","EN.POP.SLUM.UR.ZS","","","","","","","","","","","","","","","","","","","","","","","","","","","","","","","","","","","","","","","","","","","","","","","","","","","","","","","","","","","","","","","",
"Australia","AUS","Population living in slums (% of urban population)","EN.POP.SLUM.UR.ZS","","","","","","","","","","","","","","","","","","","","","","","","","","","","","","","","","","","","","","","","","","","","","","","","","","","","","","","","","","","","","","","",
"Austria","AUT","Population living in slums (% of urban population)","EN.POP.SLUM.UR.ZS","","","","","","","","","","","","","","","","","","","","","","","","","","","","","","","","","","","","","","","","","4.5","","4.4","","4.4","","4.4","","","","","","","","","","","","","","","","",
"Azerbaijan","AZE","Population living in slums (% of urban population)","EN.POP.SLUM.UR.ZS","","","","","","","","","","","","","","","","","","","","","","","","","","","","","","","","","","","","","","","","","50.94","","44.93667","","38.93333","","32.93","","26.92667","","26.92667","","26.92667","","","","","","","","","","",
"Burundi","BDI","Population living in slums (% of urban population)","EN.POP.SLUM.UR.ZS","","","","","","","","","","","","","","","","","","","","","","","","","","","","","","","","","","","","","","","","","79.7","","79.7","","77.04306","","71.68054","","66.31802","","60.9555","","55.59298","","50.23046","","44.86794","","39.50542","","36.8","","",
"Belgium","BEL","Population living in slums (% of urban population)","EN.POP.SLUM.UR.ZS","","","","","","","","","","","","","","","","","","","","","","","","","","","","","","","","","","","","","","","","","","","","","","","","","","","","","","","","","","","","","","","",
"Benin","BEN","Population living in slums (% of urban population)","EN.POP.SLUM.UR.ZS","","","","","","","","","","","","","","","","","","","","","","","","","","","","","","","","","","","","","","","","","71.86569","","71.47241","","71.07914","","70.68586","","70.29258","","69.89931","","69.50603","","69.11276","","68.71948","","68.3262","","67.93293","","",
"Burkina Faso","BFA","Population living in slums (% of urban population)","EN.POP.SLUM.UR.ZS","","","","","","","","","","","","","","","","","","","","","","","","","","","","","","","","","","","","","","","","","82.21152","","76.64539","","71.07927","","65.51314","","59.94701","","54.38089","","48.81476","","43.24863","","37.6825","","32.11638","","26.55025","","",
"Bangladesh","BGD","Population living in slums (% of urban population)","EN.POP.SLUM.UR.ZS","","","","","","","","","","","","","","","","","","","","","","","","","","","","","","","","","","","","","","","","","58.31077","","57.66662","","57.02246","","56.3783","","55.73415","","55.08999","","54.44584","","53.80168","","53.15752","","52.51337","","51.86921","","",
"Bulgaria","BGR","Population living in slums (% of urban population)","EN.POP.SLUM.UR.ZS","","","","","","","","","","","","","","","","","","","","","","","","","","","","","","","","","","","","","","","","","","","","","","","","","","","","","","","","","","","","","","","",
"Bahrain","BHR","Population living in slums (% of urban population)","EN.POP.SLUM.UR.ZS","","","","","","","","","","","","","","","","","","","","","","","","","","","","","","","","","","","","","","","","","","","","","","","","","","","","","","","","","","","","","","","",
"Bahamas, The","BHS","Population living in slums (% of urban population)","EN.POP.SLUM.UR.ZS","","","","","","","","","","","","","","","","","","","","","","","","","","","","","","","","","","","","","","","","","","","","","","","","","","","","","","","","","","","","","","","",
"Bosnia and Herzegovina","BIH","Population living in slums (% of urban population)","EN.POP.SLUM.UR.ZS","","","","","","","","","","","","","","","","","","","","","","","","","","","","","","","","","","","","","","","","","5.1","","5.1","","5.1","","4.9","","4.7","","4.5","","4.3","","4","","4","","4","","","","",
"Belarus","BLR","Population living in slums (% of urban population)","EN.POP.SLUM.UR.ZS","","","","","","","","","","","","","","","","","","","","","","","","","","","","","","","","","","","","","","","","","17.5584","","16.03017","","14.50194","","12.97371","","11.44548","","9.91726","","8.38903","","6.8608","","5.33257","","3.80434","","2.27611","","",
"Belize","BLZ","Population living in slums (% of urban population)","EN.POP.SLUM.UR.ZS","","","","","","","","","","","","","","","","","","","","","","","","","","","","","","","","","","","","","","","","","15.8","","15.76133","","15.75733","","15.75333","","15.74933","","15.74533","","15.74133","","15.73733","","15.73333","","15.72933","","15.72533","","",
"Bermuda","BMU","Population living in slums (% of urban population)","EN.POP.SLUM.UR.ZS","","","","","","","","","","","","","","","","","","","","","","","","","","","","","","","","","","","","","","","","","","","","","","","","","","","","","","","","","","","","","","","",
"Bolivia","BOL","Population living in slums (% of urban population)","EN.POP.SLUM.UR.ZS","","","","","","","","","","","","","","","","","","","","","","","","","","","","","","","","","","","","","","","","","57.94489","","55.68105","","53.41721","","51.15337","","48.88953","","46.62568","","46.62568","","46.62568","","","","","","","","",
"Brazil","BRA","Population living in slums (% of urban population)","EN.POP.SLUM.UR.ZS","","","","","","","","","","","","","","","","","","","","","","","","","","","","","","","","","","","","","","","","","34.73978","","31.43266","","28.12555","","24.81844","","21.51132","","18.20421","","14.8971","","14.8971","","14.8971","","","","","","",
"Barbados","BRB","Population living in slums (% of urban population)","EN.POP.SLUM.UR.ZS","","","","","","","","","","","","","","","","","","","","","","","","","","","","","","","","","","","","","","","","","","","","","","","","","","","","","","","","","","","","","","","",
"Brunei Darussalam","BRN","Population living in slums (% of urban population)","EN.POP.SLUM.UR.ZS","","","","","","","","","","","","","","","","","","","","","","","","","","","","","","","","","","","","","","","","","","","","","","","","","","","","","","","","","","","","","","","",
"Bhutan","BTN","Population living in slums (% of urban population)","EN.POP.SLUM.UR.ZS","","","","","","","","","","","","","","","","","","","","","","","","","","","","","","","","","","","","","","","","","","","","","","","","","","","","","","","","","","","","","","","",
"Botswana","BWA","Population living in slums (% of urban population)","EN.POP.SLUM.UR.ZS","","","","","","","","","","","","","","","","","","","","","","","","","","","","","","","","","","","","","","","","","58.69239","","56.56976","","54.44714","","52.32451","","50.20189","","48.07927","","45.95664","","43.83402","","41.71139","","39.58877","","39.6","","",
"Central African Republic","CAF","Population living in slums (% of urban population)","EN.POP.SLUM.UR.ZS","","","","","","","","","","","","","","","","","","","","","","","","","","","","","","","","","","","","","","","","","85.96516","","83.12315","","80.28114","","77.43913","","74.59712","","71.75511","","68.9131","","68.9131","","68.9131","","","","","","",
"Canada","CAN","Population living in slums (% of urban population)","EN.POP.SLUM.UR.ZS","","","","","","","","","","","","","","","","","","","","","","","","","","","","","","","","","","","","","","","","","","","","","","","","","","","","","","","","","","","","","","","",
"Central Europe and the Baltics","CEB","Population living in slums (% of urban population)","EN.POP.SLUM.UR.ZS","","","","","","","","","","","","","","","","","","","","","","","","","","","","","","","","","","","","","","","","","","","","","","","","","","","","","","","","","","","","","","","",
"Switzerland","CHE","Population living in slums (% of urban population)","EN.POP.SLUM.UR.ZS","","","","","","","","","","","","","","","","","","","","","","","","","","","","","","","","","","","","","","","","","","","","","","","","","","","","","","","","","","","","","","","",
"Channel Islands","CHI","Population living in slums (% of urban population)","EN.POP.SLUM.UR.ZS","","","","","","","","","","","","","","","","","","","","","","","","","","","","","","","","","","","","","","","","","","","","","","","","","","","","","","","","","","","","","","","",
"Chile","CHL","Population living in slums (% of urban population)","EN.POP.SLUM.UR.ZS","","","","","","","","","","","","","","","","","","","","","","","","","","","","","","","","","","","","","","","","","14.616","","10.97","","7.324","","7.3","","7.3","","","","","","","","","","","","","","",
"China","CHN","Population living in slums (% of urban population)","EN.POP.SLUM.UR.ZS","","","","","","","","","","","","","","","","","","","","","","","","","","","","","","","","","","","","","","","","","","","","","","","","","","","","","","","","","","","","","","","",
"Cote d'Ivoire","CIV","Population living in slums (% of urban population)","EN.POP.SLUM.UR.ZS","","","","","","","","","","","","","","","","","","","","","","","","","","","","","","","","","","","","","","","","","67.07658","","65.53594","","63.9953","","62.45466","","60.91402","","59.37338","","57.83274","","56.2921","","54.75146","","53.21082","","53.21082","","",
"Cameroon","CMR","Population living in slums (% of urban population)","EN.POP.SLUM.UR.ZS","","","","","","","","","","","","","","","","","","","","","","","","","","","","","","","","","","","","","","","","","65.3638","","62.0946","","58.8254","","55.55619","","52.28699","","49.01779","","45.74859","","42.47939","","39.21019","","35.94099","","32.67179","","",
"Congo, Dem. Rep.","COD","Population living in slums (% of urban population)","EN.POP.SLUM.UR.ZS","","","","","","","","","","","","","","","","","","","","","","","","","","","","","","","","","","","","","","","","","","","71.91424","","71.91424","","72.37482","","73.29596","","74.21711","","75.13825","","76.0594","","76.98054","","77.90169","","78.36226","","",
"Congo, Rep.","COG","Population living in slums (% of urban population)","EN.POP.SLUM.UR.ZS","","","","","","","","","","","","","","","","","","","","","","","","","","","","","","","","","","","","","","","","","87.80583","","87.80583","","84.68995","","78.45821","","72.22646","","65.99471","","59.76296","","53.53121","","47.29947","","44.18359","","44.18359","","",
"Colombia","COL","Population living in slums (% of urban population)","EN.POP.SLUM.UR.ZS","","","","","","","","","","","","","","","","","","","","","","","","","","","","","","","","","","","","","","","","","21.17683","","19.83238","","18.48794","","17.14349","","15.79905","","14.4546","","13.11016","","11.76571","","10.42127","","9.7","","9.7","","",
"Comoros","COM","Population living in slums (% of urban population)","EN.POP.SLUM.UR.ZS","","","","","","","","","","","","","","","","","","","","","","","","","","","","","","","","","","","","","","","","","64.49449","","65.08643","","65.67836","","66.27029","","66.86223","","67.45416","","68.0461","","68.63803","","68.6","","68.6","","","","",
"Cabo Verde","CPV","Population living in slums (% of urban population)","EN.POP.SLUM.UR.ZS","","","","","","","","","","","","","","","","","","","","","","","","","","","","","","","","","","","","","","","","","","","","","","","","","","","","","","","","","","","","","","","",
"Costa Rica","CRI","Population living in slums (% of urban population)","EN.POP.SLUM.UR.ZS","","","","","","","","","","","","","","","","","","","","","","","","","","","","","","","","","","","","","","","","","12.69593","","11.78091","","10.86589","","9.95087","","9.03585","","8.12083","","7.20581","","6.29079","","5.37577","","4.46075","","3.54573","","",
"Caribbean small states","CSS","Population living in slums (% of urban population)","EN.POP.SLUM.UR.ZS","","","","","","","","","","","","","","","","","","","","","","","","","","","","","","","","","","","","","","","","","","","","","","","","","","","","","","","","","","","","","","","",
"Cuba","CUB","Population living in slums (% of urban population)","EN.POP.SLUM.UR.ZS","","","","","","","","","","","","","","","","","","","","","","","","","","","","","","","","","","","","","","","","","2.15371","","2.15371","","2.15371","","3.20225","","4.25079","","5.29933","","6.34787","","7.3964","","8.44494","","9.49348","","10.54202","","",
"Curacao","CUW","Population living in slums (% of urban population)","EN.POP.SLUM.UR.ZS","","","","","","","","","","","","","","","","","","","","","","","","","","","","","","","","","","","","","","","","","","","","","","","","","","","","","","","","","","","","","","","",
"Cayman Islands","CYM","Population living in slums (% of urban population)","EN.POP.SLUM.UR.ZS","","","","","","","","","","","","","","","","","","","","","","","","","","","","","","","","","","","","","","","","","","","","","","","","","","","","","","","","","","","","","","","",
"Cyprus","CYP","Population living in slums (% of urban population)","EN.POP.SLUM.UR.ZS","","","","","","","","","","","","","","","","","","","","","","","","","","","","","","","","","","","","","","","","","","","","","","","","","","","","","","","","","","","","","","","",
"Czechia","CZE","Population living in slums (% of urban population)","EN.POP.SLUM.UR.ZS","","","","","","","","","","","","","","","","","","","","","","","","","","","","","","","","","","","","","","","","","","","","","","","","","","","","","","","","","","","","","","","",
"Germany","DEU","Population living in slums (% of urban population)","EN.POP.SLUM.UR.ZS","","","","","","","","","","","","","","","","","","","","","","","","","","","","","","","","","","","","","","","","","","","","","","","","","","","","","","","","","","","","","","","",
"Djibouti","DJI","Population living in slums (% of urban population)","EN.POP.SLUM.UR.ZS","","","","","","","","","","","","","","","","","","","","","","","","","","","","","","","","","","","","","","","","","","","","","","","","","","","","","","","","","","","","","","","",
"Dominica","DMA","Population living in slums (% of urban population)","EN.POP.SLUM.UR.ZS","","","","","","","","","","","","","","","","","","","","","","","","","","","","","","","","","","","","","","","","","","","","","","","","","","","","","","","","","","","","","","","",
"Denmark","DNK","Population living in slums (% of urban population)","EN.POP.SLUM.UR.ZS","","","","","","","","","","","","","","","","","","","","","","","","","","","","","","","","","","","","","","","","","","","","","","","","","","","","","","","","","","","","","","","",
"Dominican Republic","DOM","Population living in slums (% of urban population)","EN.POP.SLUM.UR.ZS","","","","","","","","","","","","","","","","","","","","","","","","","","","","","","","","","","","","","","","","","30.15546","","27.79214","","25.42881","","23.06549","","20.70217","","18.33885","","15.97552","","13.6122","","11.24888","","11.24888","","11.24888","","",
"Algeria","DZA","Population living in slums (% of urban population)","EN.POP.SLUM.UR.ZS","","","","","","","","","","","","","","","","","","","","","","","","","","","","","","","","","","","","","","","","","","","","","","","","","30.8","","30.8","","28.88661","","24.98121","","21.07581","","17.17042","","13.26502","","",
"East Asia & Pacific (excluding high income)","EAP","Population living in slums (% of urban population)","EN.POP.SLUM.UR.ZS","","","","","","","","","","","","","","","","","","","","","","","","","","","","","","","","","","","","","","","","","","","","","","","","","","","","","","","","","","","","","","","",
"Early-demographic dividend","EAR","Population living in slums (% of urban population)","EN.POP.SLUM.UR.ZS","","","","","","","","","","","","","","","","","","","","","","","","","","","","","","","","","","","","","","","","","46.6889085983546","","45.503765431619","","44.3406312908131","","43.1573627537998","","41.9636108988219","","40.757575860477","","39.4178533104404","","38.8495984804036","","37.6739752577007","","36.8546579498156","","39.2257869551795","","",
"East Asia & Pacific","EAS","Population living in slums (% of urban population)","EN.POP.SLUM.UR.ZS","","","","","","","","","","","","","","","","","","","","","","","","","","","","","","","","","","","","","","","","","","","","","","","","","","","","","","","","","","","","","","","",
"Europe & Central Asia (excluding high income)","ECA","Population living in slums (% of urban population)","EN.POP.SLUM.UR.ZS","","","","","","","","","","","","","","","","","","","","","","","","","","","","","","","","","","","","","","","","","","","","","","","","","","","","","","","","","","","","","","","",
"Europe & Central Asia","ECS","Population living in slums (% of urban population)","EN.POP.SLUM.UR.ZS","","","","","","","","","","","","","","","","","","","","","","","","","","","","","","","","","","","","","","","","","","","","","","","","","","","","","","","","","","","","","","","",
"Ecuador","ECU","Population living in slums (% of urban population)","EN.POP.SLUM.UR.ZS","","","","","","","","","","","","","","","","","","","","","","","","","","","","","","","","","","","","","","","","","57.41273","","57.84727","","57.8","","57.8","","","","","","","","","","","","","","","","",
"Egypt, Arab Rep.","EGY","Population living in slums (% of urban population)","EN.POP.SLUM.UR.ZS","","","","","","","","","","","","","","","","","","","","","","","","","","","","","","","","","","","","","","","","","42.22616","","36.71599","","31.20583","","25.69566","","20.1855","","14.67533","","9.16517","","3.655","","0.89992","","0.89992","","","","",
"Euro area","EMU","Population living in slums (% of urban population)","EN.POP.SLUM.UR.ZS","","","","","","","","","","","","","","","","","","","","","","","","","","","","","","","","","","","","","","","","","","","","","","","","","","","","","","","","","","","","","","","",
"Eritrea","ERI","Population living in slums (% of urban population)","EN.POP.SLUM.UR.ZS","","","","","","","","","","","","","","","","","","","","","","","","","","","","","","","","","","","","","","","","","","","","","","","","","","","","","","","","","","","","","","","",
"Spain","ESP","Population living in slums (% of urban population)","EN.POP.SLUM.UR.ZS","","","","","","","","","","","","","","","","","","","","","","","","","","","","","","","","","","","","","","","","","","","","","","","","","","","","","","","","","","","","","","","",
"Estonia","EST","Population living in slums (% of urban population)","EN.POP.SLUM.UR.ZS","","","","","","","","","","","","","","","","","","","","","","","","","","","","","","","","","","","","","","","","","","","","","","","","","","","","","","","","","","","","","","","",
"Ethiopia","ETH","Population living in slums (% of urban population)","EN.POP.SLUM.UR.ZS","","","","","","","","","","","","","","","","","","","","","","","","","","","","","","","","","","","","","","","","","92.17158","","89.07633","","85.98109","","82.88584","","79.7906","","76.69536","","73.60011","","70.50487","","67.40962","","64.31438","","64.31438","","",
"European Union","EUU","Population living in slums (% of urban population)","EN.POP.SLUM.UR.ZS","","","","","","","","","","","","","","","","","","","","","","","","","","","","","","","","","","","","","","","","","","","","","","","","","","","","","","","","","","","","","","","",
"Fragile and conflict affected situations","FCS","Population living in slums (% of urban population)","EN.POP.SLUM.UR.ZS","","","","","","","","","","","","","","","","","","","","","","","","","","","","","","","","","","","","","","","","","48.3452368671927","","53.2928954385639","","53.1642426835327","","53.2282821475981","","55.1661727407581","","54.0515776128227","","52.8792741243181","","51.7502766521524","","51.0139705246424","","50.8397068447019","","54.93222962442","","",
"Finland","FIN","Population living in slums (% of urban population)","EN.POP.SLUM.UR.ZS","","","","","","","","","","","","","","","","","","","","","","","","","","","","","","","","","","","","","","","","","","","","","","","","","","","","","","","","","","","","","","","",
"Fiji","FJI","Population living in slums (% of urban population)","EN.POP.SLUM.UR.ZS","","","","","","","","","","","","","","","","","","","","","","","","","","","","","","","","","","","","","","","","","","","15","","15","","14.5","","13.5","","12.5","","11.4","","10.4","","9.4","","9.4","","9.4","","",
"France","FRA","Population living in slums (% of urban population)","EN.POP.SLUM.UR.ZS","","","","","","","","","","","","","","","","","","","","","","","","","","","","","","","","","","","","","","","","","","","","","","","","","","","","","","","","","","","","","","","",
"Faroe Islands","FRO","Population living in slums (% of urban population)","EN.POP.SLUM.UR.ZS","","","","","","","","","","","","","","","","","","","","","","","","","","","","","","","","","","","","","","","","","","","","","","","","","","","","","","","","","","","","","","","",
"Micronesia, Fed. Sts.","FSM","Population living in slums (% of urban population)","EN.POP.SLUM.UR.ZS","","","","","","","","","","","","","","","","","","","","","","","","","","","","","","","","","","","","","","","","","","","","","","","","","","","","","","","","","","","","","","","",
"Gabon","GAB","Population living in slums (% of urban population)","EN.POP.SLUM.UR.ZS","","","","","","","","","","","","","","","","","","","","","","","","","","","","","","","","","","","","","","","","","57.43","","55.55895","","53.6879","","51.81685","","49.9458","","48.07475","","46.2037","","44.33265","","44.33265","","44.33265","","","","",
"United Kingdom","GBR","Population living in slums (% of urban population)","EN.POP.SLUM.UR.ZS","","","","","","","","","","","","","","","","","","","","","","","","","","","","","","","","","","","","","","","","","","","","","","","","","","","","","","","","","","","","","","","",
"Georgia","GEO","Population living in slums (% of urban population)","EN.POP.SLUM.UR.ZS","","","","","","","","","","","","","","","","","","","","","","","","","","","","","","","","","","","","","","","","","13.6","","13.6","","13.2148","","12.44783","","11.68087","","10.9139","","10.14694","","9.37997","","8.61301","","7.84604","","7.07908","","",
"Ghana","GHA","Population living in slums (% of urban population)","EN.POP.SLUM.UR.ZS","","","","","","","","","","","","","","","","","","","","","","","","","","","","","","","","","","","","","","","","","60.36841","","57.00822","","53.64802","","50.28782","","46.92763","","43.56743","","40.20724","","36.84704","","33.48685","","33.48685","","33.48685","","",
"Gibraltar","GIB","Population living in slums (% of urban population)","EN.POP.SLUM.UR.ZS","","","","","","","","","","","","","","","","","","","","","","","","","","","","","","","","","","","","","","","","","","","","","","","","","","","","","","","","","","","","","","","",
"Guinea","GIN","Population living in slums (% of urban population)","EN.POP.SLUM.UR.ZS","","","","","","","","","","","","","","","","","","","","","","","","","","","","","","","","","","","","","","","","","40.66534","","41.49952","","42.3337","","43.16788","","44.00206","","44.83624","","45.67042","","46.5046","","47.33878","","48.17296","","49.00714","","",
"Gambia, The","GMB","Population living in slums (% of urban population)","EN.POP.SLUM.UR.ZS","","","","","","","","","","","","","","","","","","","","","","","","","","","","","","","","","","","","","","","","","56.92053","","55.11779","","53.31504","","51.5123","","49.70956","","47.90681","","46.10407","","44.30132","","42.49858","","40.69583","","38.89309","","",
"Guinea-Bissau","GNB","Population living in slums (% of urban population)","EN.POP.SLUM.UR.ZS","","","","","","","","","","","","","","","","","","","","","","","","","","","","","","","","","","","","","","","","","","","","","","","","","75.2","","75.2","","75.24783","","71.63847","","68.0291","","64.41973","","60.81037","","",
"Equatorial Guinea","GNQ","Population living in slums (% of urban population)","EN.POP.SLUM.UR.ZS","","","","","","","","","","","","","","","","","","","","","","","","","","","","","","","","","","","","","","","","","","","","","","","","","","","","","","","","","","","","","","","",
"Greece","GRC","Population living in slums (% of urban population)","EN.POP.SLUM.UR.ZS","","","","","","","","","","","","","","","","","","","","","","","","","","","","","","","","","","","","","","","","","","","","","","","","","","","","","","","","","","","","","","","",
"Grenada","GRD","Population living in slums (% of urban population)","EN.POP.SLUM.UR.ZS","","","","","","","","","","","","","","","","","","","","","","","","","","","","","","","","","","","","","","","","","","","","","","","","","","","","","","","","","","","","","","","",
"Greenland","GRL","Population living in slums (% of urban population)","EN.POP.SLUM.UR.ZS","","","","","","","","","","","","","","","","","","","","","","","","","","","","","","","","","","","","","","","","","","","","","","","","","","","","","","","","","","","","","","","",
"Guatemala","GTM","Population living in slums (% of urban population)","EN.POP.SLUM.UR.ZS","","","","","","","","","","","","","","","","","","","","","","","","","","","","","","","","","","","","","","","","","55.49609","","53.25944","","51.0228","","48.78615","","46.5495","","44.31286","","42.07621","","39.83957","","37.60292","","37.6","","37.6","","",
"Guam","GUM","Population living in slums (% of urban population)","EN.POP.SLUM.UR.ZS","","","","","","","","","","","","","","","","","","","","","","","","","","","","","","","","","","","","","","","","","","","","","","","","","","","","","","","","","","","","","","","",
"Guyana","GUY","Population living in slums (% of urban population)","EN.POP.SLUM.UR.ZS","","","","","","","","","","","","","","","","","","","","","","","","","","","","","","","","","","","","","","","","","26.1","","26.1","","25.31799","","23.67077","","22.02354","","20.37632","","18.7291","","17.08187","","15.43465","","13.78743","","12.1402","","",
"High income","HIC","Population living in slums (% of urban population)","EN.POP.SLUM.UR.ZS","","","","","","","","","","","","","","","","","","","","","","","","","","","","","","","","","","","","","","","","","","","","","","","","","","","","","","","","","","","","","","","",
"Hong Kong SAR, China","HKG","Population living in slums (% of urban population)","EN.POP.SLUM.UR.ZS","","","","","","","","","","","","","","","","","","","","","","","","","","","","","","","","","","","","","","","","","","","","","","","","","","","","","","","","","","","","","","","",
"Honduras","HND","Population living in slums (% of urban population)","EN.POP.SLUM.UR.ZS","","","","","","","","","","","","","","","","","","","","","","","","","","","","","","","","","","","","","","","","","44.4","","44.4","","43.24","","40.9","","38.56","","36.22","","33.88","","31.54","","31.5","","31.5","","","","",
"Heavily indebted poor countries (HIPC)","HPC","Population living in slums (% of urban population)","EN.POP.SLUM.UR.ZS","","","","","","","","","","","","","","","","","","","","","","","","","","","","","","","","","","","","","","","","","73.2750834116908","","72.8578783437351","","70.7509508076694","","68.4404426800765","","66.1839832395658","","63.9642583602809","","61.7722305306979","","59.6582843294251","","57.9380451252972","","56.217202090661","","55.4253190111345","","",
"Croatia","HRV","Population living in slums (% of urban population)","EN.POP.SLUM.UR.ZS","","","","","","","","","","","","","","","","","","","","","","","","","","","","","","","","","","","","","","","","","","","","","","","","","","","","","","","","","","","","","","","",
"Haiti","HTI","Population living in slums (% of urban population)","EN.POP.SLUM.UR.ZS","","","","","","","","","","","","","","","","","","","","","","","","","","","","","","","","","","","","","","","","","61.2833","","59.97767","","58.67204","","57.36641","","56.06078","","54.75515","","53.44951","","52.14388","","50.83825","","49.53262","","48.9","","",
"Hungary","HUN","Population living in slums (% of urban population)","EN.POP.SLUM.UR.ZS","","","","","","","","","","","","","","","","","","","","","","","","","","","","","","","","","","","","","","","","","15.4","","14.2","","12.9","","11.6","","10.4","","9.1","","7.9","","7.2","","7.2","","","","","","",
"IBRD only","IBD","Population living in slums (% of urban population)","EN.POP.SLUM.UR.ZS","","","","","","","","","","","","","","","","","","","","","","","","","","","","","","","","","","","","","","","","","","","","","","","","","","","","","","","","","","","","","","","",
"IDA & IBRD total","IBT","Population living in slums (% of urban population)","EN.POP.SLUM.UR.ZS","","","","","","","","","","","","","","","","","","","","","","","","","","","","","","","","","","","","","","","","","","","","","42.5372217967757","","41.1971247160896","","39.829174952804","","38.7512689297396","","37.3203557451672","","36.7007644898125","","35.7909620440286","","","","","","",
"IDA total","IDA","Population living in slums (% of urban population)","EN.POP.SLUM.UR.ZS","","","","","","","","","","","","","","","","","","","","","","","","","","","","","","","","","","","","","","","","","67.9824861946709","","67.6577689767284","","66.0100575016868","","64.3407323454392","","62.6070447440981","","60.8425296263485","","58.9985674260096","","57.1873296249281","","55.3914747510706","","53.7150172100751","","52.7105857436958","","",
"IDA blend","IDB","Population living in slums (% of urban population)","EN.POP.SLUM.UR.ZS","","","","","","","","","","","","","","","","","","","","","","","","","","","","","","","","","","","","","","","","","70.2430247718816","","68.1862822134483","","66.2646579132652","","64.2873928151895","","62.2690012996793","","60.2177922363749","","58.1231549123302","","55.9779835169745","","53.7972142334321","","51.7579326450764","","49.7750888059436","","",
"Indonesia","IDN","Population living in slums (% of urban population)","EN.POP.SLUM.UR.ZS","","","","","","","","","","","","","","","","","","","","","","","","","","","","","","","","","","","","","","","","","35.12568","","33.47149","","31.81729","","30.1631","","28.5089","","26.85471","","25.20051","","23.54632","","21.89212","","20.23793","","19.41083","","",
"IDA only","IDX","Population living in slums (% of urban population)","EN.POP.SLUM.UR.ZS","","","","","","","","","","","","","","","","","","","","","","","","","","","","","","","","","","","","","","","","","66.231774558517","","67.3119279274295","","65.8436432349099","","64.3746085630373","","62.8210792765813","","61.2376780155772","","59.5560931944218","","57.9492369681479","","56.3816545657917","","54.9287517672276","","54.6239698757779","","",
"Isle of Man","IMN","Population living in slums (% of urban population)","EN.POP.SLUM.UR.ZS","","","","","","","","","","","","","","","","","","","","","","","","","","","","","","","","","","","","","","","","","","","","","","","","","","","","","","","","","","","","","","","",
"India","IND","Population living in slums (% of urban population)","EN.POP.SLUM.UR.ZS","","","","","","","","","","","","","","","","","","","","","","","","","","","","","","","","","","","","","","","","","55.29477","","54.59656","","53.89834","","53.20013","","52.50192","","51.8037","","51.10549","","50.40728","","49.70906","","49.01085","","49.01085","","",
"Not classified","INX","Population living in slums (% of urban population)","EN.POP.SLUM.UR.ZS","","","","","","","","","","","","","","","","","","","","","","","","","","","","","","","","","","","","","","","","","","","","","","","","","","","","","","","","","","","","","","","",
"Ireland","IRL","Population living in slums (% of urban population)","EN.POP.SLUM.UR.ZS","","","","","","","","","","","","","","","","","","","","","","","","","","","","","","","","","","","","","","","","","6.2","","6.4","","6.7","","6.9","","7.2","","7.5","","7.7","","8","","8.3","","8.5","","8.5","","",
"Iran, Islamic Rep.","IRN","Population living in slums (% of urban population)","EN.POP.SLUM.UR.ZS","","","","","","","","","","","","","","","","","","","","","","","","","","","","","","","","","","","","","","","","","","","","","","","","","","","","","","","","","","","","","","","",
"Iraq","IRQ","Population living in slums (% of urban population)","EN.POP.SLUM.UR.ZS","","","","","","","","","","","","","","","","","","","","","","","","","","","","","","","","","","","","","","","","","33.89419","","35.43867","","36.98314","","38.52762","","40.07209","","41.61657","","43.16104","","44.70552","","46.24999","","47.79447","","49.33894","","",
"Iceland","ISL","Population living in slums (% of urban population)","EN.POP.SLUM.UR.ZS","","","","","","","","","","","","","","","","","","","","","","","","","","","","","","","","","","","","","","","","","","","","","","","","","","","","","","","","","","","","","","","",
"Israel","ISR","Population living in slums (% of urban population)","EN.POP.SLUM.UR.ZS","","","","","","","","","","","","","","","","","","","","","","","","","","","","","","","","","","","","","","","","","","","","","","","","","","","","","","","","","","","","","","","",
"Italy","ITA","Population living in slums (% of urban population)","EN.POP.SLUM.UR.ZS","","","","","","","","","","","","","","","","","","","","","","","","","","","","","","","","","","","","","","","","","","","","","","","","","","","","","","","","","","","","","","","",
"Jamaica","JAM","Population living in slums (% of urban population)","EN.POP.SLUM.UR.ZS","","","","","","","","","","","","","","","","","","","","","","","","","","","","","","","","","","","","","","","","","","","","","","","","","","","","","","","","","","","","","","","",
"Jordan","JOR","Population living in slums (% of urban population)","EN.POP.SLUM.UR.ZS","","","","","","","","","","","","","","","","","","","","","","","","","","","","","","","","","","","","","","","","","40.01581","","37.68646","","35.35711","","33.02776","","30.6984","","28.36905","","26.0397","","23.71035","","21.381","","19.05165","","16.72229","","",
"Japan","JPN","Population living in slums (% of urban population)","EN.POP.SLUM.UR.ZS","","","","","","","","","","","","","","","","","","","","","","","","","","","","","","","","","","","","","","","","","","","","","","","","","","","","","","","","","","","","","","","",
"Kazakhstan","KAZ","Population living in slums (% of urban population)","EN.POP.SLUM.UR.ZS","","","","","","","","","","","","","","","","","","","","","","","","","","","","","","","","","","","","","","","","","24.45811","","21.67406","","18.89002","","16.10598","","13.32194","","10.5379","","7.75386","","4.96982","","2.18578","","0.79376","","0.79376","","",
"Kenya","KEN","Population living in slums (% of urban population)","EN.POP.SLUM.UR.ZS","","","","","","","","","","","","","","","","","","","","","","","","","","","","","","","","","","","","","","","","","63.18451","","61.63811","","60.09171","","58.54531","","56.99891","","55.45251","","53.90611","","52.35971","","50.81331","","50.81331","","50.81331","","",
"Kyrgyz Republic","KGZ","Population living in slums (% of urban population)","EN.POP.SLUM.UR.ZS","","","","","","","","","","","","","","","","","","","","","","","","","","","","","","","","","","","","","","","","","47.15842","","42.68651","","38.2146","","33.74269","","29.27078","","24.79887","","20.32696","","15.85505","","11.38314","","6.91123","","2.43932","","",
"Cambodia","KHM","Population living in slums (% of urban population)","EN.POP.SLUM.UR.ZS","","","","","","","","","","","","","","","","","","","","","","","","","","","","","","","","","","","","","","","","","84.8","","79.2","","73.6","","67.9","","62.3","","56.6","","51","","45.4","","39.7","","39.7","","39.7","","",
"Kiribati","KIR","Population living in slums (% of urban population)","EN.POP.SLUM.UR.ZS","","","","","","","","","","","","","","","","","","","","","","","","","","","","","","","","","","","","","","","","","","","","","","","","","","","","","","","","","","","","","","","",
"St. Kitts and Nevis","KNA","Population living in slums (% of urban population)","EN.POP.SLUM.UR.ZS","","","","","","","","","","","","","","","","","","","","","","","","","","","","","","","","","","","","","","","","","","","","","","","","","","","","","","","","","","","","","","","",
"Korea, Rep.","KOR","Population living in slums (% of urban population)","EN.POP.SLUM.UR.ZS","","","","","","","","","","","","","","","","","","","","","","","","","","","","","","","","","","","","","","","","","","","","","","","","","","","","","","","","","","","","","","","",
"Kuwait","KWT","Population living in slums (% of urban population)","EN.POP.SLUM.UR.ZS","","","","","","","","","","","","","","","","","","","","","","","","","","","","","","","","","","","","","","","","","","","","","","","","","","","","","","","","","","","","","","","",
"Latin America & Caribbean (excluding high income)","LAC","Population living in slums (% of urban population)","EN.POP.SLUM.UR.ZS","","","","","","","","","","","","","","","","","","","","","","","","","","","","","","","","","","","","","","","","","33.1865134924611","","31.2605368614192","","29.1386658226987","","26.9968061175433","","24.0705245212942","","21.858765348297","","19.2849705974908","","18.7949599631782","","16.395408203907","","","","","","",
"Lao PDR","LAO","Population living in slums (% of urban population)","EN.POP.SLUM.UR.ZS","","","","","","","","","","","","","","","","","","","","","","","","","","","","","","","","","","","","","","","","","54.4","","51","","47.5","","44.1","","40.7","","37.3","","33.8","","30.4","","27","","23.6","","21.8","","",
"Lebanon","LBN","Population living in slums (% of urban population)","EN.POP.SLUM.UR.ZS","","","","","","","","","","","","","","","","","","","","","","","","","","","","","","","","","","","","","","","","","","","92.4","","92.4","","92.41022","","67.30186","","42.19351","","17.08516","","4.5","","4.5","","","","","","",
"Liberia","LBR","Population living in slums (% of urban population)","EN.POP.SLUM.UR.ZS","","","","","","","","","","","","","","","","","","","","","","","","","","","","","","","","","","","","","","","","","","","75.48823","","75.48823","","74.59566","","72.81052","","71.02538","","69.24025","","67.45511","","65.66997","","63.88484","","63.88484","","",
"Libya","LBY","Population living in slums (% of urban population)","EN.POP.SLUM.UR.ZS","","","","","","","","","","","","","","","","","","","","","","","","","","","","","","","","","","","","","","","","","","","","","","","","","","","","","","","","","","","","","","","",
"St. Lucia","LCA","Population living in slums (% of urban population)","EN.POP.SLUM.UR.ZS","","","","","","","","","","","","","","","","","","","","","","","","","","","","","","","","","","","","","","","","","","","","","","","","","","","","","","","","","","","","","","","",
"Latin America & Caribbean","LCN","Population living in slums (% of urban population)","EN.POP.SLUM.UR.ZS","","","","","","","","","","","","","","","","","","","","","","","","","","","","","","","","","","","","","","","","","32.2025326549764","","30.2726607703508","","28.1994157331023","","26.2374399085736","","23.4304506346672","","21.7911794126309","","19.2039958857239","","18.6558823568595","","16.3751165586209","","","","","","",
"Least developed countries: UN classification","LDC","Population living in slums (% of urban population)","EN.POP.SLUM.UR.ZS","","","","","","","","","","","","","","","","","","","","","","","","","","","","","","","","","","","","","","","","","64.3983287392473","","66.2000625555247","","64.8645820761949","","63.9309659887802","","62.8891202186982","","61.8145745781662","","60.7473315442898","","59.6952474108436","","58.6564831805502","","57.6030504090024","","57.0192964770646","","",
"Low income","LIC","Population living in slums (% of urban population)","EN.POP.SLUM.UR.ZS","","","","","","","","","","","","","","","","","","","","","","","","","","","","","","","","","","","","","","","","","","","80.3142863782807","","78.3867695862271","","75.7360980735858","","73.5754318695954","","71.445442627429","","69.3898472855107","","67.4157142184744","","65.5266164257227","","63.653272217823","","63.8063003918059","","",
"Liechtenstein","LIE","Population living in slums (% of urban population)","EN.POP.SLUM.UR.ZS","","","","","","","","","","","","","","","","","","","","","","","","","","","","","","","","","","","","","","","","","","","","","","","","","","","","","","","","","","","","","","","",
"Sri Lanka","LKA","Population living in slums (% of urban population)","EN.POP.SLUM.UR.ZS","","","","","","","","","","","","","","","","","","","","","","","","","","","","","","","","","","","","","","","","","","","","","","","","","","","","","","","","","","","","","","","",
"Lower middle income","LMC","Population living in slums (% of urban population)","EN.POP.SLUM.UR.ZS","","","","","","","","","","","","","","","","","","","","","","","","","","","","","","","","","","","","","","","","","53.64353157552","","52.7296516925217","","51.5180365126673","","49.9784325266966","","48.1871837401005","","46.8899112634185","","45.4492791642355","","44.0089153937304","","42.7674653534317","","42.1590616244261","","44.4893100549325","","",
"Low & middle income","LMY","Population living in slums (% of urban population)","EN.POP.SLUM.UR.ZS","","","","","","","","","","","","","","","","","","","","","","","","","","","","","","","","","","","","","","","","","","","44.2686317733683","","42.9483596881364","","41.5876357801519","","39.9833481545853","","38.6402199573891","","37.2329069413431","","36.6317259746893","","35.6793121850152","","","","","","",
"Lesotho","LSO","Population living in slums (% of urban population)","EN.POP.SLUM.UR.ZS","","","","","","","","","","","","","","","","","","","","","","","","","","","","","","","","","","","","","","","","","62.72729","","62.72729","","58.59683","","54.46637","","50.33592","","46.20546","","42.075","","37.94455","","33.81409","","29.68363","","25.55318","","",
"Late-demographic dividend","LTE","Population living in slums (% of urban population)","EN.POP.SLUM.UR.ZS","","","","","","","","","","","","","","","","","","","","","","","","","","","","","","","","","","","","","","","","","","","","","","","","","","","","","","","","","","","","","","","",
"Lithuania","LTU","Population living in slums (% of urban population)","EN.POP.SLUM.UR.ZS","","","","","","","","","","","","","","","","","","","","","","","","","","","","","","","","","","","","","","","","","","","","","","","","","","","","","","","","","","","","","","","",
"Luxembourg","LUX","Population living in slums (% of urban population)","EN.POP.SLUM.UR.ZS","","","","","","","","","","","","","","","","","","","","","","","","","","","","","","","","","","","","","","","","","","","","","","","","","","","","","","","","","","","","","","","",
"Latvia","LVA","Population living in slums (% of urban population)","EN.POP.SLUM.UR.ZS","","","","","","","","","","","","","","","","","","","","","","","","","","","","","","","","","","","","","","","","","","","","","","","","","","","","","","","","","","","","","","","",
"Macao SAR, China","MAC","Population living in slums (% of urban population)","EN.POP.SLUM.UR.ZS","","","","","","","","","","","","","","","","","","","","","","","","","","","","","","","","","","","","","","","","","","","","","","","","","","","","","","","","","","","","","","","",
"St. Martin (French part)","MAF","Population living in slums (% of urban population)","EN.POP.SLUM.UR.ZS","","","","","","","","","","","","","","","","","","","","","","","","","","","","","","","","","","","","","","","","","","","","","","","","","","","","","","","","","","","","","","","",
"Morocco","MAR","Population living in slums (% of urban population)","EN.POP.SLUM.UR.ZS","","","","","","","","","","","","","","","","","","","","","","","","","","","","","","","","","","","","","","","","","33.15472","","30.36674","","27.57876","","24.79078","","22.0028","","19.21482","","16.42684","","13.63886","","10.85088","","10.85088","","10.85088","","",
"Monaco","MCO","Population living in slums (% of urban population)","EN.POP.SLUM.UR.ZS","","","","","","","","","","","","","","","","","","","","","","","","","","","","","","","","","","","","","","","","","","","","","","","","","","","","","","","","","","","","","","","",
"Moldova","MDA","Population living in slums (% of urban population)","EN.POP.SLUM.UR.ZS","","","","","","","","","","","","","","","","","","","","","","","","","","","","","","","","","","","","","","","","","26.5","","23.7","","20.8","","18","","15.1","","12.3","","9.4","","6.5","","6.5","","6.5","","","","",
"Madagascar","MDG","Population living in slums (% of urban population)","EN.POP.SLUM.UR.ZS","","","","","","","","","","","","","","","","","","","","","","","","","","","","","","","","","","","","","","","","","91.43569","","89.03413","","86.63257","","84.23101","","81.82945","","79.42789","","77.02633","","74.62477","","72.22321","","69.82165","","67.42009","","",
"Maldives","MDV","Population living in slums (% of urban population)","EN.POP.SLUM.UR.ZS","","","","","","","","","","","","","","","","","","","","","","","","","","","","","","","","","","","","","","","","","","","","","41.535","","41.535","","40.9775","","39.8625","","38.7475","","37.6325","","36.5175","","35.4025","","34.845","","",
"Middle East & North Africa","MEA","Population living in slums (% of urban population)","EN.POP.SLUM.UR.ZS","","","","","","","","","","","","","","","","","","","","","","","","","","","","","","","","","","","","","","","","","","","","","","","","","","","","","","","","","","","","","","","",
"Mexico","MEX","Population living in slums (% of urban population)","EN.POP.SLUM.UR.ZS","","","","","","","","","","","","","","","","","","","","","","","","","","","","","","","","","","","","","","","","","32.16297","","30.44793","","28.73289","","27.01784","","25.3028","","23.58776","","21.87272","","20.15767","","18.44263","","17.6","","17.6","","",
"Marshall Islands","MHL","Population living in slums (% of urban population)","EN.POP.SLUM.UR.ZS","","","","","","","","","","","","","","","","","","","","","","","","","","","","","","","","","","","","","","","","","","","","","","","","","","","","","","","","","","","","","","","",
"Middle income","MIC","Population living in slums (% of urban population)","EN.POP.SLUM.UR.ZS","","","","","","","","","","","","","","","","","","","","","","","","","","","","","","","","","","","","","","","","","","","","","","","","","37.5459267165396","","36.1599096281207","","34.6928248992316","","34.0344617869927","","33.0072066198145","","","","","","",
"North Macedonia","MKD","Population living in slums (% of urban population)","EN.POP.SLUM.UR.ZS","","","","","","","","","","","","","","","","","","","","","","","","","","","","","","","","","","","","","","","","","","","","","","","","","","","","","","","","","","","","","","","",
"Mali","MLI","Population living in slums (% of urban population)","EN.POP.SLUM.UR.ZS","","","","","","","","","","","","","","","","","","","","","","","","","","","","","","","","","","","","","","","","","83.87627","","79.68152","","75.48678","","71.29204","","67.09729","","62.90255","","58.7078","","54.51306","","50.31832","","46.12357","","41.92883","","",
"Malta","MLT","Population living in slums (% of urban population)","EN.POP.SLUM.UR.ZS","","","","","","","","","","","","","","","","","","","","","","","","","","","","","","","","","","","","","","","","","","","","","","","","","","","","","","","","","","","","","","","",
"Myanmar","MMR","Population living in slums (% of urban population)","EN.POP.SLUM.UR.ZS","","","","","","","","","","","","","","","","","","","","","","","","","","","","","","","","","","","","","","","","","29.39935","","32.60843","","35.81751","","39.02659","","42.23566","","45.44474","","48.65382","","51.8629","","55.07197","","58.28105","","58.28105","","",
"Middle East & North Africa (excluding high income)","MNA","Population living in slums (% of urban population)","EN.POP.SLUM.UR.ZS","","","","","","","","","","","","","","","","","","","","","","","","","","","","","","","","","","","","","","","","","","","","","","","","","29.2420741677788","","26.4795627244279","","23.4592624899363","","20.4962357143309","","18.828557412435","","18.8767035928013","","","","",
"Montenegro","MNE","Population living in slums (% of urban population)","EN.POP.SLUM.UR.ZS","","","","","","","","","","","","","","","","","","","","","","","","","","","","","","","","","","","","","","","","","19.1","","19.1","","18.5","","17.3","","16.1","","14.9","","13.6","","12.4","","11.2","","10","","8.8","","",
"Mongolia","MNG","Population living in slums (% of urban population)","EN.POP.SLUM.UR.ZS","","","","","","","","","","","","","","","","","","","","","","","","","","","","","","","","","","","","","","","","","57.60411","","53.63156","","49.65902","","45.68648","","41.71394","","37.7414","","33.76886","","29.79631","","25.82377","","21.85123","","17.87869","","",
"Northern Mariana Islands","MNP","Population living in slums (% of urban population)","EN.POP.SLUM.UR.ZS","","","","","","","","","","","","","","","","","","","","","","","","","","","","","","","","","","","","","","","","","","","","","","","","","","","","","","","","","","","","","","","",
"Mozambique","MOZ","Population living in slums (% of urban population)","EN.POP.SLUM.UR.ZS","","","","","","","","","","","","","","","","","","","","","","","","","","","","","","","","","","","","","","","","","90.09549","","86.58183","","83.06817","","79.55451","","76.04086","","72.5272","","69.01354","","65.49988","","61.98622","","58.47257","","54.95891","","",
"Mauritania","MRT","Population living in slums (% of urban population)","EN.POP.SLUM.UR.ZS","","","","","","","","","","","","","","","","","","","","","","","","","","","","","","","","","","","","","","","","","84.69319","","81.3166","","77.94","","74.5634","","71.18681","","67.81021","","64.43361","","61.05702","","57.68042","","56","","56","","",
"Mauritius","MUS","Population living in slums (% of urban population)","EN.POP.SLUM.UR.ZS","","","","","","","","","","","","","","","","","","","","","","","","","","","","","","","","","","","","","","","","","","","","","","","","","","","","","","","","","","","","","","","",
"Malawi","MWI","Population living in slums (% of urban population)","EN.POP.SLUM.UR.ZS","","","","","","","","","","","","","","","","","","","","","","","","","","","","","","","","","","","","","","","","","81.41073","","77.89671","","74.38269","","70.86866","","67.35464","","63.84062","","60.32659","","56.81257","","53.29854","","49.78452","","49.78452","","",
"Malaysia","MYS","Population living in slums (% of urban population)","EN.POP.SLUM.UR.ZS","","","","","","","","","","","","","","","","","","","","","","","","","","","","","","","","","","","","","","","","","","","","","","","","","","","","","","","","","","","","","","","",
"North America","NAC","Population living in slums (% of urban population)","EN.POP.SLUM.UR.ZS","","","","","","","","","","","","","","","","","","","","","","","","","","","","","","","","","","","","","","","","","","","","","","","","","","","","","","","","","","","","","","","",
"Namibia","NAM","Population living in slums (% of urban population)","EN.POP.SLUM.UR.ZS","","","","","","","","","","","","","","","","","","","","","","","","","","","","","","","","","","","","","","","","","42.55683","","42.4078","","42.25878","","42.10975","","41.96073","","41.8117","","41.66268","","41.51365","","41.36463","","41.4","","","","",
"New Caledonia","NCL","Population living in slums (% of urban population)","EN.POP.SLUM.UR.ZS","","","","","","","","","","","","","","","","","","","","","","","","","","","","","","","","","","","","","","","","","","","","","","","","","","","","","","","","","","","","","","","",
"Niger","NER","Population living in slums (% of urban population)","EN.POP.SLUM.UR.ZS","","","","","","","","","","","","","","","","","","","","","","","","","","","","","","","","","","","","","","","","","70.03805","","70.09604","","70.15403","","70.21202","","70.27001","","70.32799","","70.38598","","70.44397","","70.44397","","70.44397","","","","",
"Nigeria","NGA","Population living in slums (% of urban population)","EN.POP.SLUM.UR.ZS","","","","","","","","","","","","","","","","","","","","","","","","","","","","","","","","","","","","","","","","","74.10729","","71.59477","","69.08224","","66.56972","","64.0572","","61.54467","","59.03215","","56.51963","","54.00711","","51.49458","","48.98206","","",
"Nicaragua","NIC","Population living in slums (% of urban population)","EN.POP.SLUM.UR.ZS","","","","","","","","","","","","","","","","","","","","","","","","","","","","","","","","","","","","","","","","","71.59811","","70.33595","","69.07378","","67.81162","","67.2","","67.2","","","","","","","","","","","","",
"Netherlands","NLD","Population living in slums (% of urban population)","EN.POP.SLUM.UR.ZS","","","","","","","","","","","","","","","","","","","","","","","","","","","","","","","","","","","","","","","","","","","","","","","","","","","","","","","","","","","","","","","",
"Norway","NOR","Population living in slums (% of urban population)","EN.POP.SLUM.UR.ZS","","","","","","","","","","","","","","","","","","","","","","","","","","","","","","","","","","","","","","","","","","","","","","","","","","","","","","","","","","","","","","","",
"Nepal","NPL","Population living in slums (% of urban population)","EN.POP.SLUM.UR.ZS","","","","","","","","","","","","","","","","","","","","","","","","","","","","","","","","","","","","","","","","","66.31029","","63.41828","","60.52627","","57.63426","","54.74225","","51.85024","","48.95823","","46.06622","","43.17421","","40.2822","","40.2822","","",
"Nauru","NRU","Population living in slums (% of urban population)","EN.POP.SLUM.UR.ZS","","","","","","","","","","","","","","","","","","","","","","","","","","","","","","","","","","","","","","","","","","","","","","","","","","","","","","","","","","","","","","","",
"New Zealand","NZL","Population living in slums (% of urban population)","EN.POP.SLUM.UR.ZS","","","","","","","","","","","","","","","","","","","","","","","","","","","","","","","","","","","","","","","","","","","","","","","","","","","","","","","","","","","","","","","",
"OECD members","OED","Population living in slums (% of urban population)","EN.POP.SLUM.UR.ZS","","","","","","","","","","","","","","","","","","","","","","","","","","","","","","","","","","","","","","","","","","","","","","","","","","","","","","","","","","","","","","","",
"Oman","OMN","Population living in slums (% of urban population)","EN.POP.SLUM.UR.ZS","","","","","","","","","","","","","","","","","","","","","","","","","","","","","","","","","","","","","","","","","","","","","","","","","","","","","","","","","","","","","","","",
"Other small states","OSS","Population living in slums (% of urban population)","EN.POP.SLUM.UR.ZS","","","","","","","","","","","","","","","","","","","","","","","","","","","","","","","","","","","","","","","","","","","","","","","","","","","","","","","","","","","","","","","",
"Pakistan","PAK","Population living in slums (% of urban population)","EN.POP.SLUM.UR.ZS","","","","","","","","","","","","","","","","","","","","","","","","","","","","","","","","","","","","","","","","","71.22167","","69.69687","","68.17208","","66.64728","","65.12249","","63.59769","","62.0729","","60.5481","","59.0233","","57.49851","","55.97371","","",
"Panama","PAN","Population living in slums (% of urban population)","EN.POP.SLUM.UR.ZS","","","","","","","","","","","","","","","","","","","","","","","","","","","","","","","","","","","","","","","","","48.67615","","44.36462","","40.05308","","35.74154","","31.43","","27.11846","","22.80692","","18.49538","","16.3","","16.3","","","","",
"Peru","PER","Population living in slums (% of urban population)","EN.POP.SLUM.UR.ZS","","","","","","","","","","","","","","","","","","","","","","","","","","","","","","","","","","","","","","","","","47.41309","","45.56432","","43.71555","","41.86678","","40.018","","38.16923","","36.32046","","34.47168","","","","","","","","",
"Philippines","PHL","Population living in slums (% of urban population)","EN.POP.SLUM.UR.ZS","","","","","","","","","","","","","","","","","","","","","","","","","","","","","","","","","","","","","","","","","49.97359","","48.56749","","47.16139","","45.75529","","44.34919","","42.94309","","41.53699","","40.13089","","38.7248","","37.3187","","36.61565","","",
"Palau","PLW","Population living in slums (% of urban population)","EN.POP.SLUM.UR.ZS","","","","","","","","","","","","","","","","","","","","","","","","","","","","","","","","","","","","","","","","","","","","","","","","","","","","","","","","","","","","","","","",
"Papua New Guinea","PNG","Population living in slums (% of urban population)","EN.POP.SLUM.UR.ZS","","","","","","","","","","","","","","","","","","","","","","","","","","","","","","","","","","","","","","","","","","","","","","","","","","","","","","","","","","","","","","","",
"Poland","POL","Population living in slums (% of urban population)","EN.POP.SLUM.UR.ZS","","","","","","","","","","","","","","","","","","","","","","","","","","","","","","","","","","","","","","","","","","","","","","","","","","","","","","","","","","","","","","","",
"Pre-demographic dividend","PRE","Population living in slums (% of urban population)","EN.POP.SLUM.UR.ZS","","","","","","","","","","","","","","","","","","","","","","","","","","","","","","","","","","","","","","","","","66.3008363520073","","67.2292301630525","","65.5741140160106","","64.2856419041196","","62.9277870873873","","61.4232568106492","","59.9300214790802","","58.4750371346339","","57.0442409120327","","55.5876077577759","","54.1053718790688","","",
"Puerto Rico","PRI","Population living in slums (% of urban population)","EN.POP.SLUM.UR.ZS","","","","","","","","","","","","","","","","","","","","","","","","","","","","","","","","","","","","","","","","","","","","","","","","","","","","","","","","","","","","","","","",
"Korea, Dem. People's Rep.","PRK","Population living in slums (% of urban population)","EN.POP.SLUM.UR.ZS","","","","","","","","","","","","","","","","","","","","","","","","","","","","","","","","","","","","","","","","","","","","","","","","","","","","","","","","","","","","","","","",
"Portugal","PRT","Population living in slums (% of urban population)","EN.POP.SLUM.UR.ZS","","","","","","","","","","","","","","","","","","","","","","","","","","","","","","","","","","","","","","","","","","","","","","","","","","","","","","","","","","","","","","","",
"Paraguay","PRY","Population living in slums (% of urban population)","EN.POP.SLUM.UR.ZS","","","","","","","","","","","","","","","","","","","","","","","","","","","","","","","","","","","","","","","","","42.02714","","39.03","","36.03286","","33.03571","","30.03857","","27.04143","","24.04429","","21.04714","","18.05","","15.05286","","15.1","","",
"West Bank and Gaza","PSE","Population living in slums (% of urban population)","EN.POP.SLUM.UR.ZS","","","","","","","","","","","","","","","","","","","","","","","","","","","","","","","","","","","","","","","","","","","30","","30","","29.07112","","27.16442","","25.25772","","23.35102","","21.44433","","19.53763","","19.5","","19.5","","",
"Pacific island small states","PSS","Population living in slums (% of urban population)","EN.POP.SLUM.UR.ZS","","","","","","","","","","","","","","","","","","","","","","","","","","","","","","","","","","","","","","","","","","","","","","","","","","","","","","","","","","","","","","","",
"Post-demographic dividend","PST","Population living in slums (% of urban population)","EN.POP.SLUM.UR.ZS","","","","","","","","","","","","","","","","","","","","","","","","","","","","","","","","","","","","","","","","","","","","","","","","","","","","","","","","","","","","","","","",
"French Polynesia","PYF","Population living in slums (% of urban population)","EN.POP.SLUM.UR.ZS","","","","","","","","","","","","","","","","","","","","","","","","","","","","","","","","","","","","","","","","","","","","","","","","","","","","","","","","","","","","","","","",
"Qatar","QAT","Population living in slums (% of urban population)","EN.POP.SLUM.UR.ZS","","","","","","","","","","","","","","","","","","","","","","","","","","","","","","","","","","","","","","","","","","","","","","","","","","","","","","","","","","","","","","","",
"Romania","ROU","Population living in slums (% of urban population)","EN.POP.SLUM.UR.ZS","","","","","","","","","","","","","","","","","","","","","","","","","","","","","","","","","","","","","","","","","","","","","","","","","","","","","","","","","","","","","","","",
"Russian Federation","RUS","Population living in slums (% of urban population)","EN.POP.SLUM.UR.ZS","","","","","","","","","","","","","","","","","","","","","","","","","","","","","","","","","","","","","","","","","","","","","","","","","","","","","","","","","","","","","","","",
"Rwanda","RWA","Population living in slums (% of urban population)","EN.POP.SLUM.UR.ZS","","","","","","","","","","","","","","","","","","","","","","","","","","","","","","","","","","","","","","","","","71.42051","","67.93933","","64.45814","","60.97695","","57.49576","","54.01458","","50.53339","","47.0522","","43.57101","","40.08982","","38.34923","","",
"South Asia","SAS","Population living in slums (% of urban population)","EN.POP.SLUM.UR.ZS","","","","","","","","","","","","","","","","","","","","","","","","","","","","","","","","","","","","","","","","","57.7800630606531","","56.9792470285082","","56.1514829895111","","55.4347282115109","","54.6273621763189","","53.8432610801917","","53.0740422646886","","52.2981352364185","","51.5196864562554","","50.7310760805471","","50.4842448680487","","",
"Saudi Arabia","SAU","Population living in slums (% of urban population)","EN.POP.SLUM.UR.ZS","","","","","","","","","","","","","","","","","","","","","","","","","","","","","","","","","","","","","","","","","","","","","","","","","","","","","","","","","","","","","","","",
"Sudan","SDN","Population living in slums (% of urban population)","EN.POP.SLUM.UR.ZS","","","","","","","","","","","","","","","","","","","","","","","","","","","","","","","","","","","","","","","","","","","99.1","","99.1","","99.08834","","94.00333","","88.91831","","83.8333","","78.74829","","73.66328","","73.7","","73.7","","",
"Senegal","SEN","Population living in slums (% of urban population)","EN.POP.SLUM.UR.ZS","","","","","","","","","","","","","","","","","","","","","","","","","","","","","","","","","","","","","","","","","67.15485","","63.59985","","60.04485","","56.48985","","52.93485","","49.37985","","45.82485","","42.26985","","38.71484","","35.15984","","31.60484","","",
"Singapore","SGP","Population living in slums (% of urban population)","EN.POP.SLUM.UR.ZS","","","","","","","","","","","","","","","","","","","","","","","","","","","","","","","","","","","","","","","","","","","","","","","","","","","","","","","","","","","","","","","",
"Solomon Islands","SLB","Population living in slums (% of urban population)","EN.POP.SLUM.UR.ZS","","","","","","","","","","","","","","","","","","","","","","","","","","","","","","","","","","","","","","","","","","","","","","","","","","","","","","","","","","","","","","","",
"Sierra Leone","SLE","Population living in slums (% of urban population)","EN.POP.SLUM.UR.ZS","","","","","","","","","","","","","","","","","","","","","","","","","","","","","","","","","","","","","","","","","73.9","","73.9","","72.5475","","69.80989","","67.07228","","64.33467","","61.59705","","58.85944","","56.12183","","53.38422","","50.64661","","",
"El Salvador","SLV","Population living in slums (% of urban population)","EN.POP.SLUM.UR.ZS","","","","","","","","","","","","","","","","","","","","","","","","","","","","","","","","","","","","","","","","","","","49.5","","49.5","","46.49143","","40.48857","","34.48571","","28.48286","","22.48","","16.47714","","16.5","","16.5","","",
"San Marino","SMR","Population living in slums (% of urban population)","EN.POP.SLUM.UR.ZS","","","","","","","","","","","","","","","","","","","","","","","","","","","","","","","","","","","","","","","","","","","","","","","","","","","","","","","","","","","","","","","",
"Somalia","SOM","Population living in slums (% of urban population)","EN.POP.SLUM.UR.ZS","","","","","","","","","","","","","","","","","","","","","","","","","","","","","","","","","","","","","","","","","","","","","","","","","","","","","","","","","","","","","","","",
"Serbia","SRB","Population living in slums (% of urban population)","EN.POP.SLUM.UR.ZS","","","","","","","","","","","","","","","","","","","","","","","","","","","","","","","","","","","","","","","","","","","","","","","","","","","","","","","","","","","","","","","",
"Sub-Saharan Africa (excluding high income)","SSA","Population living in slums (% of urban population)","EN.POP.SLUM.UR.ZS","","","","","","","","","","","","","","","","","","","","","","","","","","","","","","","","","","","","","","","","","63.7015645741778","","64.5257355020656","","62.8563131087356","","61.4362651188733","","59.8818453061591","","58.266198745476","","56.624321509432","","54.9800930775992","","53.3288275998764","","51.8196899894611","","50.5535177177891","","",
"South Sudan","SSD","Population living in slums (% of urban population)","EN.POP.SLUM.UR.ZS","","","","","","","","","","","","","","","","","","","","","","","","","","","","","","","","","","","","","","","","","","","99.8","","99.8","","99.8","","99.80584","","97.0038","","94.20176","","94.2","","94.2","","","","","","",
"Sub-Saharan Africa","SSF","Population living in slums (% of urban population)","EN.POP.SLUM.UR.ZS","","","","","","","","","","","","","","","","","","","","","","","","","","","","","","","","","","","","","","","","","63.7015645741778","","64.5257355020656","","62.8563131087356","","61.4362651188733","","59.8818453061591","","58.266198745476","","56.624321509432","","54.9800930775992","","53.3288275998764","","51.8196899894611","","50.5535177177891","","",
"Small states","SST","Population living in slums (% of urban population)","EN.POP.SLUM.UR.ZS","","","","","","","","","","","","","","","","","","","","","","","","","","","","","","","","","","","","","","","","","","","","","","","","","","","","","","","","","","","","","","","",
"Sao Tome and Principe","STP","Population living in slums (% of urban population)","EN.POP.SLUM.UR.ZS","","","","","","","","","","","","","","","","","","","","","","","","","","","","","","","","","","","","","","","","","","","","","61.4","","61.4","","60.3972","","58.45879","","56.52039","","54.58198","","52.64358","","52.6","","52.6","","",
"Suriname","SUR","Population living in slums (% of urban population)","EN.POP.SLUM.UR.ZS","","","","","","","","","","","","","","","","","","","","","","","","","","","","","","","","","","","","","","","","","7.43018","","8.26719","","9.10421","","9.94123","","10.77825","","11.61526","","12.45228","","13.2893","","14.12632","","14.96333","","15.80035","","",
"Slovak Republic","SVK","Population living in slums (% of urban population)","EN.POP.SLUM.UR.ZS","","","","","","","","","","","","","","","","","","","","","","","","","","","","","","","","","","","","","","","","","","","","","","","","","","","","","","","","","","","","","","","",
"Slovenia","SVN","Population living in slums (% of urban population)","EN.POP.SLUM.UR.ZS","","","","","","","","","","","","","","","","","","","","","","","","","","","","","","","","","","","","","","","","","","","","","","","","","","","","","","","","","","","","","","","",
"Sweden","SWE","Population living in slums (% of urban population)","EN.POP.SLUM.UR.ZS","","","","","","","","","","","","","","","","","","","","","","","","","","","","","","","","","","","","","","","","","","","","","","","","","","","","","","","","","","","","","","","",
"Eswatini","SWZ","Population living in slums (% of urban population)","EN.POP.SLUM.UR.ZS","","","","","","","","","","","","","","","","","","","","","","","","","","","","","","","","","","","","","","","","","55.35217","","55.35217","","55.35217","","47.92817","","40.50418","","33.08018","","25.65619","","18.23219","","10.8082","","10.8082","","10.8082","","",
"Sint Maarten (Dutch part)","SXM","Population living in slums (% of urban population)","EN.POP.SLUM.UR.ZS","","","","","","","","","","","","","","","","","","","","","","","","","","","","","","","","","","","","","","","","","","","","","","","","","","","","","","","","","","","","","","","",
"Seychelles","SYC","Population living in slums (% of urban population)","EN.POP.SLUM.UR.ZS","","","","","","","","","","","","","","","","","","","","","","","","","","","","","","","","","","","","","","","","","","","","","","","","","","","","","","","","","","","","","","","",
"Syrian Arab Republic","SYR","Population living in slums (% of urban population)","EN.POP.SLUM.UR.ZS","","","","","","","","","","","","","","","","","","","","","","","","","","","","","","","","","","","","","","","","","","","","","","","","","","","","","","","","","","","","","","","",
"Turks and Caicos Islands","TCA","Population living in slums (% of urban population)","EN.POP.SLUM.UR.ZS","","","","","","","","","","","","","","","","","","","","","","","","","","","","","","","","","","","","","","","","","","","","","","","","","","","","","","","","","","","","","","","",
"Chad","TCD","Population living in slums (% of urban population)","EN.POP.SLUM.UR.ZS","","","","","","","","","","","","","","","","","","","","","","","","","","","","","","","","","","","","","","","","","91.58375","","90.45647","","89.32919","","88.20191","","87.07463","","85.94735","","84.82007","","83.69279","","82.56551","","82","","82","","",
"East Asia & Pacific (IDA & IBRD countries)","TEA","Population living in slums (% of urban population)","EN.POP.SLUM.UR.ZS","","","","","","","","","","","","","","","","","","","","","","","","","","","","","","","","","","","","","","","","","","","","","","","","","","","","","","","","","","","","","","","",
"Europe & Central Asia (IDA & IBRD countries)","TEC","Population living in slums (% of urban population)","EN.POP.SLUM.UR.ZS","","","","","","","","","","","","","","","","","","","","","","","","","","","","","","","","","","","","","","","","","","","","","","","","","","","","","","","","","","","","","","","",
"Togo","TGO","Population living in slums (% of urban population)","EN.POP.SLUM.UR.ZS","","","","","","","","","","","","","","","","","","","","","","","","","","","","","","","","","","","","","","","","","69.27204","","66.02873","","62.78541","","59.54209","","56.29878","","53.05546","","49.81214","","46.56882","","43.32551","","40.08219","","38.5","","",
"Thailand","THA","Population living in slums (% of urban population)","EN.POP.SLUM.UR.ZS","","","","","","","","","","","","","","","","","","","","","","","","","","","","","","","","","","","","","","","","","15.6056","","15.6056","","15.08731","","14.05075","","13.01419","","11.97763","","10.94107","","9.90451","","8.86794","","7.83138","","6.79482","","",
"Tajikistan","TJK","Population living in slums (% of urban population)","EN.POP.SLUM.UR.ZS","","","","","","","","","","","","","","","","","","","","","","","","","","","","","","","","","","","","","","","","","60.27623","","55.72756","","51.1789","","46.63024","","42.08157","","37.53291","","32.98425","","28.43558","","23.88692","","19.33825","","17.06392","","",
"Turkmenistan","TKM","Population living in slums (% of urban population)","EN.POP.SLUM.UR.ZS","","","","","","","","","","","","","","","","","","","","","","","","","","","","","","","","","","","","","","","","","10.5","","10.5","","10.50752","","10.25739","","10.00727","","9.75714","","9.50701","","9.25688","","9.00675","","8.75663","","8.5065","","",
"Latin America & the Caribbean (IDA & IBRD countries)","TLA","Population living in slums (% of urban population)","EN.POP.SLUM.UR.ZS","","","","","","","","","","","","","","","","","","","","","","","","","","","","","","","","","","","","","","","","","32.8714125503366","","30.8769358586639","","28.7444538090385","","26.7063991628235","","23.8421813028441","","22.1490564481441","","19.477964093779","","18.9135932392124","","16.5692222087704","","","","","","",
"Timor-Leste","TLS","Population living in slums (% of urban population)","EN.POP.SLUM.UR.ZS","","","","","","","","","","","","","","","","","","","","","","","","","","","","","","","","","","","","","","","","","","","","","56.1","","56.1","","54","","50","","46","","42","","37.9","","33.9","","33.9","","",
"Middle East & North Africa (IDA & IBRD countries)","TMN","Population living in slums (% of urban population)","EN.POP.SLUM.UR.ZS","","","","","","","","","","","","","","","","","","","","","","","","","","","","","","","","","","","","","","","","","","","","","","","","","29.2874970609703","","26.5064351026467","","23.4616410164528","","20.4757355376764","","18.8132533192233","","18.8626934700998","","","","",
"Tonga","TON","Population living in slums (% of urban population)","EN.POP.SLUM.UR.ZS","","","","","","","","","","","","","","","","","","","","","","","","","","","","","","","","","","","","","","","","","","","","","","","","","","","","","","","","","","","","","","","",
"South Asia (IDA & IBRD)","TSA","Population living in slums (% of urban population)","EN.POP.SLUM.UR.ZS","","","","","","","","","","","","","","","","","","","","","","","","","","","","","","","","","","","","","","","","","57.7800630606531","","56.9792470285082","","56.1514829895111","","55.4347282115109","","54.6273621763189","","53.8432610801917","","53.0740422646886","","52.2981352364185","","51.5196864562554","","50.7310760805471","","50.4842448680486","","",
"Sub-Saharan Africa (IDA & IBRD countries)","TSS","Population living in slums (% of urban population)","EN.POP.SLUM.UR.ZS","","","","","","","","","","","","","","","","","","","","","","","","","","","","","","","","","","","","","","","","","63.7015645741778","","64.5257355020656","","62.8563131087356","","61.4362651188733","","59.8818453061591","","58.266198745476","","56.624321509432","","54.9800930775992","","53.3288275998764","","51.8196899894611","","50.5535177177891","","",
"Trinidad and Tobago","TTO","Population living in slums (% of urban population)","EN.POP.SLUM.UR.ZS","","","","","","","","","","","","","","","","","","","","","","","","","","","","","","","","","","","","","","","","","11.06","","11.06","","11.06","","10.28","","9.5","","8.72","","7.94","","7.5","","7.5","","","","","","",
"Tunisia","TUN","Population living in slums (% of urban population)","EN.POP.SLUM.UR.ZS","","","","","","","","","","","","","","","","","","","","","","","","","","","","","","","","","","","","","","","","","","","","","","","10.4","","10.4","","10.14415","","9.64392","","9.14369","","8.64346","","8.14324","","7.64301","","",
"Turkiye","TUR","Population living in slums (% of urban population)","EN.POP.SLUM.UR.ZS","","","","","","","","","","","","","","","","","","","","","","","","","","","","","","","","","","","","","","","","","24.58136","","23.18733","","21.79329","","20.39926","","19.00523","","17.61119","","16.21716","","14.82313","","14.12611","","14.12611","","","","",
"Tuvalu","TUV","Population living in slums (% of urban population)","EN.POP.SLUM.UR.ZS","","","","","","","","","","","","","","","","","","","","","","","","","","","","","","","","","","","","","","","","","","","","","","","","","","","","","","","","","","","","","","","",
"Tanzania","TZA","Population living in slums (% of urban population)","EN.POP.SLUM.UR.ZS","","","","","","","","","","","","","","","","","","","","","","","","","","","","","","","","","","","","","","","","","81.32802","","77.07039","","72.81275","","68.55511","","64.29748","","60.03984","","55.78221","","51.52457","","47.26693","","43.0093","","40.88048","","",
"Uganda","UGA","Population living in slums (% of urban population)","EN.POP.SLUM.UR.ZS","","","","","","","","","","","","","","","","","","","","","","","","","","","","","","","","","","","","","","","","","80.90118","","78.21228","","75.52337","","72.83447","","70.14557","","67.45666","","64.76776","","62.07886","","59.38995","","56.70105","","54.01214","","",
"Ukraine","UKR","Population living in slums (% of urban population)","EN.POP.SLUM.UR.ZS","","","","","","","","","","","","","","","","","","","","","","","","","","","","","","","","","","","","","","","","","5","","5","","4.6","","3.9","","3.2","","2.5","","1.8","","1.1","","1.1","","1.1","","","","",
"Upper middle income","UMC","Population living in slums (% of urban population)","EN.POP.SLUM.UR.ZS","","","","","","","","","","","","","","","","","","","","","","","","","","","","","","","","","","","","","","","","","","","","","","","","","","","","","","","","","","","","","","","",
"Uruguay","URY","Population living in slums (% of urban population)","EN.POP.SLUM.UR.ZS","","","","","","","","","","","","","","","","","","","","","","","","","","","","","","","","","","","","","","","","","23.7","","23.7","","23.67571","","19.95","","16.22429","","12.49857","","8.77286","","5.04714","","","","","","","","",
"United States","USA","Population living in slums (% of urban population)","EN.POP.SLUM.UR.ZS","","","","","","","","","","","","","","","","","","","","","","","","","","","","","","","","","","","","","","","","","","","","","","","","","","","","","","","","","","","","","","","",
"Uzbekistan","UZB","Population living in slums (% of urban population)","EN.POP.SLUM.UR.ZS","","","","","","","","","","","","","","","","","","","","","","","","","","","","","","","","","","","","","","","","","","","","","","","","","","","","","","","","","","","","","","","",
"St. Vincent and the Grenadines","VCT","Population living in slums (% of urban population)","EN.POP.SLUM.UR.ZS","","","","","","","","","","","","","","","","","","","","","","","","","","","","","","","","","","","","","","","","","","","","","","","","","","","","","","","","","","","","","","","",
"Venezuela, RB","VEN","Population living in slums (% of urban population)","EN.POP.SLUM.UR.ZS","","","","","","","","","","","","","","","","","","","","","","","","","","","","","","","","","","","","","","","","","27.82014","","26.40689","","25.7","","25.7","","","","","","","","","","","","","","","","",
"British Virgin Islands","VGB","Population living in slums (% of urban population)","EN.POP.SLUM.UR.ZS","","","","","","","","","","","","","","","","","","","","","","","","","","","","","","","","","","","","","","","","","","","","","","","","","","","","","","","","","","","","","","","",
"Virgin Islands (U.S.)","VIR","Population living in slums (% of urban population)","EN.POP.SLUM.UR.ZS","","","","","","","","","","","","","","","","","","","","","","","","","","","","","","","","","","","","","","","","","","","","","","","","","","","","","","","","","","","","","","","",
"Vietnam","VNM","Population living in slums (% of urban population)","EN.POP.SLUM.UR.ZS","","","","","","","","","","","","","","","","","","","","","","","","","","","","","","","","","","","","","","","","","45.31667","","40.37283","","35.429","","30.48516","","25.54133","","20.59749","","15.65365","","10.70982","","5.76598","","5.76598","","5.76598","","",
"Vanuatu","VUT","Population living in slums (% of urban population)","EN.POP.SLUM.UR.ZS","","","","","","","","","","","","","","","","","","","","","","","","","","","","","","","","","","","","","","","","","","","","","","","","","","","","","","","","","","","","","","","",
"World","WLD","Population living in slums (% of urban population)","EN.POP.SLUM.UR.ZS","","","","","","","","","","","","","","","","","","","","","","","","","","","","","","","","","","","","","","","","","","","","","","","","","","","","","","","","","","","","","","","",
"Samoa","WSM","Population living in slums (% of urban population)","EN.POP.SLUM.UR.ZS","","","","","","","","","","","","","","","","","","","","","","","","","","","","","","","","","","","","","","","","","","","","","","","","","","","","","","","","","","","","","","","",
"Kosovo","XKX","Population living in slums (% of urban population)","EN.POP.SLUM.UR.ZS","","","","","","","","","","","","","","","","","","","","","","","","","","","","","","","","","","","","","","","","","","","","","","","","","","","","","","","","","","","","","","","",
"Yemen, Rep.","YEM","Population living in slums (% of urban population)","EN.POP.SLUM.UR.ZS","","","","","","","","","","","","","","","","","","","","","","","","","","","","","","","","","","","","","","","","","63.81216","","61.19064","","58.56911","","55.94758","","53.32605","","50.70453","","48.083","","45.46147","","44.2","","44.2","","","","",
"South Africa","ZAF","Population living in slums (% of urban population)","EN.POP.SLUM.UR.ZS","","","","","","","","","","","","","","","","","","","","","","","","","","","","","","","","","","","","","","","","","27.60971","","27.22887","","26.84803","","26.46718","","26.08634","","25.7055","","25.32466","","24.94382","","24.56298","","24.18213","","24.2","","",
"Zambia","ZMB","Population living in slums (% of urban population)","EN.POP.SLUM.UR.ZS","","","","","","","","","","","","","","","","","","","","","","","","","","","","","","","","","","","","","","","","","63.78455","","62.23191","","60.67926","","59.12662","","57.57398","","56.02134","","54.4687","","52.91605","","51.36341","","49.81077","","48.25813","","",
"Zimbabwe","ZWE","Population living in slums (% of urban population)","EN.POP.SLUM.UR.ZS","","","","","","","","","","","","","","","","","","","","","","","","","","","","","","","","","","","","","","","","","27.52175","","26.92639","","26.33104","","25.73569","","25.14033","","24.54498","","23.94962","","23.35427","","22.75892","","22.16356","","21.56821","","",
