Country Name,Year,Predicted_Poverty_Count
Afghanistan,2024,0.3192568
Africa Eastern and Southern,2024,
Africa Western and Central,2024,0.27888092
Albania,2024,0.79357934
Algeria,2024,0.77033746
American Samoa,2024,0.7036314
Andorra,2024,0.65382564
Angola,2024,0.24333626
Antigua and Barbuda,2024,0.5954815
Arab World,2024,0.86846054
Argentina,2024,0.62365544
Armenia,2024,0.73249924
Aruba,2024,
Australia,2024,0.21778534
Austria,2024,0.3197518
Azerbaijan,2024,0.98956645
Bahamas,2024,0.61671907
Bahrain,2024,0.60444444
Bangladesh,2024,0.78302395
Barbados,2024,0.71191216
Belarus,2024,0.6815619
Belgium,2024,0.29613894
Belize,2024,0.39282343
Benin,2024,0.72502923
Bermuda,2024,0.20520696
Bhutan,2024,0.59721184
Bolivia,2024,0.7431989
Bosnia and Herzegovina,2024,0.65493757
Botswana,2024,0.8591463
Brazil,2024,0.670128
British Virgin Islands,2024,0.73110974
Brunei Darussalam,2024,0.2944999
Bulgaria,2024,0.7396467
Burkina Faso,2024,0.8245917
Burundi,2024,0.89291364
Cabo Verde,2024,0.8175082
Cambodia,2024,0.4375687
Cameroon,2024,1.0953978
Canada,2024,0.2564687
Caribbean small states,2024,0.70945144
Cayman Islands,2024,0.5279385
Central African Republic,2024,0.8107037
Central Europe and the Baltics,2024,0.6178581
Chad,2024,0.9155508
Channel Islands,2024,0.32747492
Chile,2024,0.689358
China,2024,0.99069405
Colombia,2024,0.66839695
Comoros,2024,0.80397856
Congo,2024,1.0832034
Costa Rica,2024,0.61612874
Cote d'Ivoire,2024,1.0733368
Croatia,2024,0.75934434
Cuba,2024,0.967533
Curacao,2024,0.7526741
Cyprus,2024,0.36425933
Czechia,2024,0.551362
Denmark,2024,0.22608116
Djibouti,2024,0.60287607
Dominica,2024,0.61656356
Dominican Republic,2024,0.6435593
Early-demographic dividend,2024,1.1898161
East Asia & Pacific,2024,1.18132
East Asia & Pacific (IDA & IBRD countries),2024,1.1515692
East Asia & Pacific (excluding high income),2024,0.9181323
Ecuador,2024,0.972216
Egypt,2024,0.9751806
El Salvador,2024,0.6849317
Equatorial Guinea,2024,0.65089405
Eritrea,2024,1.0928775
Estonia,2024,0.31055188
Eswatini,2024,1.1703659
Ethiopia,2024,0.4291863
Euro area,2024,0.5068849
Europe & Central Asia,2024,0.7373649
Europe & Central Asia (IDA & IBRD countries),2024,0.7403043
Europe & Central Asia (excluding high income),2024,0.91964936
European Union,2024,0.524077
Faroe Islands,2024,0.39972696
Fiji,2024,0.57256067
Finland,2024,0.2697482
Fragile and conflict affected situations,2024,0.90303546
France,2024,0.5040117
French Polynesia,2024,0.6162017
Gabon,2024,0.8924457
Gambia,2024,0.74691296
Georgia,2024,0.5882119
Germany,2024,0.373811
Ghana,2024,1.0847169
Gibraltar,2024,0.7922815
Greece,2024,0.48901537
Greenland,2024,0.329998
Grenada,2024,0.6801015
Guam,2024,0.48654464
Guatemala,2024,0.6909623
Guinea,2024,0.9790198
Guinea-Bissau,2024,0.7268143
Guyana,2024,0.66042036
Haiti,2024,0.83103085
Heavily indebted poor countries (HIPC),2024,0.87284607
High income,2024,0.39311
Honduras,2024,0.7412089
Hong Kong SAR,2024,0.32612452
Hungary,2024,0.6154053
IBRD only,2024,1.2454166
IDA & IBRD total,2024,1.3904923
IDA blend,2024,0.9267368
IDA only,2024,0.931331
IDA total,2024,0.94665486
Iceland,2024,0.15747029
India,2024,1.024084
Indonesia,2024,0.9413062
Iran,2024,0.9924084
Iraq,2024,0.4516534
Ireland,2024,0.41210294
Isle of Man,2024,0.94801605
Israel,2024,0.33213356
Italy,2024,0.31339672
Jamaica,2024,0.87822163
Japan,2024,0.47467563
Jordan,2024,0.6303902
Kazakhstan,2024,0.6269887
Kenya,2024,1.0303445
Kiribati,2024,0.8822199
Korea,2024,0.3867306
Kosovo,2024,0.7800292
Kuwait,2024,0.74126077
Kyrgyz Republic,2024,0.7057784
Lao PDR,2024,0.76606035
Late-demographic dividend,2024,1.1969727
Latin America & Caribbean,2024,0.93291736
Latin America & Caribbean (excluding high income),2024,0.95177495
Latin America & the Caribbean (IDA & IBRD countries),2024,0.623327
Latvia,2024,0.7271818
Least developed countries: UN classification,2024,1.1192313
Lebanon,2024,0.8403937
Lesotho,2024,0.78462946
Liberia,2024,0.9450543
Libya,2024,0.9068687
Liechtenstein,2024,0.5984509
Lithuania,2024,0.65080017
Low & middle income,2024,1.6967415
Low income,2024,1.0710512
Lower middle income,2024,1.4371425
Luxembourg,2024,0.28714016
Macao SAR,2024,0.74303836
Madagascar,2024,0.6404872
Malawi,2024,0.8783828
Malaysia,2024,0.5785122
Maldives,2024,0.32905856
Mali,2024,0.76052314
Malta,2024,0.38065913
Marshall Islands,2024,1.0414767
Mauritania,2024,0.9858767
Mauritius,2024,0.85271466
Mexico,2024,0.62696147
Micronesia,2024,0.9117296
Middle East & North Africa,2024,0.6264102
Middle East & North Africa (IDA & IBRD countries),2024,0.62036264
Middle East & North Africa (excluding high income),2024,1.0818523
Middle income,2024,1.471377
Moldova,2024,0.8721583
Monaco,2024,0.3528339
Mongolia,2024,0.6364224
Montenegro,2024,0.83643323
Morocco,2024,0.9323524
Mozambique,2024,0.8689991
Myanmar,2024,0.27237123
Namibia,2024,0.9401554
Nauru,2024,0.59605086
Nepal,2024,0.90768623
Netherlands,2024,0.2786798
New Caledonia,2024,0.7652674
New Zealand,2024,0.25494438
Nicaragua,2024,0.95952886
Niger,2024,0.8952501
Nigeria,2024,0.82345086
North America,2024,0.27780578
North Macedonia,2024,0.8380724
Northern Mariana Islands,2024,0.9053777
Norway,2024,0.17711586
Not classified,2024,0.6679011
OECD members,2024,0.41701242
Oman,2024,0.6255985
Other small states,2024,0.704435
Pacific island small states,2024,0.95270336
Pakistan,2024,0.85827637
Palau,2024,0.9416678
Panama,2024,0.8126588
Papua New Guinea,2024,0.7200277
Paraguay,2024,0.8224063
Peru,2024,0.9996804
Philippines,2024,0.88616365
Poland,2024,0.6417136
Portugal,2024,0.40465704
Post-demographic dividend,2024,0.41581103
Pre-demographic dividend,2024,0.8826478
Puerto Rico,2024,0.550488
Qatar,2024,0.63853645
Romania,2024,0.7786176
Russian Federation,2024,0.7213599
Rwanda,2024,0.7716358
Samoa,2024,0.7955868
San Marino,2024,0.16981494
Sao Tome and Principe,2024,0.8782588
Saudi Arabia,2024,1.136959
Senegal,2024,0.7086435
Serbia,2024,0.78440905
Seychelles,2024,0.76882744
Sierra Leone,2024,0.8074818
Singapore,2024,0.26405227
Sint Maarten (Dutch part),2024,0.9671832
Slovak Republic,2024,0.6595297
Slovenia,2024,0.42985
Small states,2024,0.7931246
Solomon Islands,2024,1.1655848
Somalia,2024,0.7751442
South Africa,2024,0.5043546
South Asia,2024,1.0934037
South Asia (IDA & IBRD),2024,0.88971174
South Sudan,2024,0.835637
Spain,2024,0.41282284
Sri Lanka,2024,0.9455379
St. Kitts and Nevis,2024,0.70988405
St. Lucia,2024,0.9539806
St. Martin (French part),2024,0.89366484
St. Vincent and the Grenadines,2024,0.84892094
Sub-Saharan Africa,2024,0.92285615
Sub-Saharan Africa (IDA & IBRD countries),2024,0.9600364
Sub-Saharan Africa (excluding high income),2024,0.93712366
Sudan,2024,0.6848053
Suriname,2024,0.87963974
Sweden,2024,0.19807923
Switzerland,2024,0.16748938
Syrian Arab Republic,2024,0.969042
Tajikistan,2024,0.60814035
Tanzania,2024,0.97746205
Thailand,2024,0.75750756
Timor-Leste,2024,0.590045
Togo,2024,0.7703017
Tonga,2024,0.6214286
Trinidad and Tobago,2024,0.7396589
Tunisia,2024,0.80575335
Turkiye,2024,0.74969006
Turkmenistan,2024,0.6248994
Turks and Caicos Islands,2024,0.9436409
Tuvalu,2024,0.91279936
Uganda,2024,1.046012
Ukraine,2024,0.91824925
United Arab Emirates,2024,0.47650382
United Kingdom,2024,0.32627898
United States,2024,0.32101265
Upper middle income,2024,1.2074124
Uruguay,2024,0.6657308
Uzbekistan,2024,0.7250875
Vanuatu,2024,0.66421694
Venezuela,2024,0.9032829
Vietnam,2024,0.7410879
Virgin Islands (U.S.),2024,0.55489576
West Bank and Gaza,2024,1.0529703
World,2024,1.4797012
Yemen,2024,0.7663599
Zambia,2024,0.9234363
Zimbabwe,2024,0.7340776
Afghanistan,2025,0.29022172
Africa Eastern and Southern,2025,
Africa Western and Central,2025,0.24466479
Albania,2025,0.6234028
Algeria,2025,0.7226176
American Samoa,2025,0.7140417
Andorra,2025,0.5839326
Angola,2025,0.20612343
Antigua and Barbuda,2025,0.60558414
Arab World,2025,0.8486241
Argentina,2025,0.58639175
Armenia,2025,0.70057094
Aruba,2025,
Australia,2025,0.15627879
Austria,2025,0.23394722
Azerbaijan,2025,0.87115896
Bahamas,2025,0.6582174
Bahrain,2025,0.5151766
Bangladesh,2025,0.6578301
Barbados,2025,0.6733182
Belarus,2025,0.7014179
Belgium,2025,0.24118987
Belize,2025,0.50862
Benin,2025,0.70283276
Bermuda,2025,0.19506417
Bhutan,2025,0.47032362
Bolivia,2025,0.74929404
Bosnia and Herzegovina,2025,0.605953
Botswana,2025,0.720843
Brazil,2025,0.6914166
British Virgin Islands,2025,0.6436218
Brunei Darussalam,2025,0.22254092
Bulgaria,2025,0.7418639
Burkina Faso,2025,0.76191586
Burundi,2025,0.37534943
Cabo Verde,2025,0.80940413
Cambodia,2025,0.36960244
Cameroon,2025,0.88269967
Canada,2025,0.16556531
Caribbean small states,2025,0.6338606
Cayman Islands,2025,0.36384705
Central African Republic,2025,0.78182155
Central Europe and the Baltics,2025,0.5718272
Chad,2025,0.7961241
Channel Islands,2025,0.27335447
Chile,2025,0.60560393
China,2025,0.9365374
Colombia,2025,0.61013025
Comoros,2025,0.82123303
Congo,2025,1.2496179
Costa Rica,2025,0.54772645
Cote d'Ivoire,2025,0.9208108
Croatia,2025,0.43794993
Cuba,2025,0.9075205
Curacao,2025,0.6280783
Cyprus,2025,0.28858158
Czechia,2025,0.46713248
Denmark,2025,0.17565244
Djibouti,2025,0.58797526
Dominica,2025,0.5738945
Dominican Republic,2025,0.5490345
Early-demographic dividend,2025,1.2492765
East Asia & Pacific,2025,1.1404239
East Asia & Pacific (IDA & IBRD countries),2025,1.0801433
East Asia & Pacific (excluding high income),2025,1.0188006
Ecuador,2025,0.86879975
Egypt,2025,0.932423
El Salvador,2025,0.65126103
Equatorial Guinea,2025,0.17437632
Eritrea,2025,0.9624491
Estonia,2025,0.2667888
Eswatini,2025,1.0888045
Ethiopia,2025,0.75598633
Euro area,2025,0.35199046
Europe & Central Asia,2025,0.61170447
Europe & Central Asia (IDA & IBRD countries),2025,0.74957114
Europe & Central Asia (excluding high income),2025,0.88792264
European Union,2025,0.36910996
Faroe Islands,2025,0.15977912
Fiji,2025,0.60017157
Finland,2025,0.17439568
Fragile and conflict affected situations,2025,0.84303
France,2025,0.38684043
French Polynesia,2025,0.58125114
Gabon,2025,0.91326135
Gambia,2025,0.61119556
Georgia,2025,0.4974787
Germany,2025,0.315942
Ghana,2025,0.99336874
Gibraltar,2025,0.5477253
Greece,2025,0.36607033
Greenland,2025,0.33046204
Grenada,2025,0.71152925
Guam,2025,0.36147198
Guatemala,2025,0.6430933
Guinea,2025,0.7468764
Guinea-Bissau,2025,0.64025354
Guyana,2025,0.614963
Haiti,2025,0.7986537
Heavily indebted poor countries (HIPC),2025,0.7896128
High income,2025,0.3179309
Honduras,2025,0.6663779
Hong Kong SAR,2025,0.16525704
Hungary,2025,0.4993576
IBRD only,2025,1.224004
IDA & IBRD total,2025,1.3738825
IDA blend,2025,0.8872813
IDA only,2025,0.8966477
IDA total,2025,0.9125697
Iceland,2025,0.059742734
India,2025,0.9339154
Indonesia,2025,0.9166504
Iran,2025,0.90359044
Iraq,2025,0.91483617
Ireland,2025,0.41263026
Isle of Man,2025,0.88955206
Israel,2025,0.3575566
Italy,2025,0.26187524
Jamaica,2025,0.84760827
Japan,2025,0.38491294
Jordan,2025,0.6129578
Kazakhstan,2025,0.55678105
Kenya,2025,0.9022832
Kiribati,2025,0.72028255
Korea,2025,0.7856464
Kosovo,2025,0.6166934
Kuwait,2025,0.55264425
Kyrgyz Republic,2025,0.5823761
Lao PDR,2025,0.7487017
Late-demographic dividend,2025,1.1152619
Latin America & Caribbean,2025,0.9172379
Latin America & Caribbean (excluding high income),2025,0.92475915
Latin America & the Caribbean (IDA & IBRD countries),2025,0.6172688
Latvia,2025,0.6451838
Least developed countries: UN classification,2025,1.0898882
Lebanon,2025,0.77442193
Lesotho,2025,0.70161504
Liberia,2025,0.91537553
Libya,2025,0.96841586
Liechtenstein,2025,0.4952996
Lithuania,2025,0.50766146
Low & middle income,2025,1.7906293
Low income,2025,1.03763
Lower middle income,2025,1.4203217
Luxembourg,2025,0.16240737
Macao SAR,2025,0.6837927
Madagascar,2025,0.7750603
Malawi,2025,0.8843733
Malaysia,2025,0.59768426
Maldives,2025,0.3585182
Mali,2025,0.6126703
Malta,2025,0.40707487
Marshall Islands,2025,0.9612211
Mauritania,2025,0.9944905
Mauritius,2025,0.8227454
Mexico,2025,0.6255848
Micronesia,2025,0.6995436
Middle East & North Africa,2025,0.651634
Middle East & North Africa (IDA & IBRD countries),2025,0.6297201
Middle East & North Africa (excluding high income),2025,0.99493945
Middle income,2025,1.4106953
Moldova,2025,0.8792319
Monaco,2025,0.27782354
Mongolia,2025,0.6821698
Montenegro,2025,0.7705086
Morocco,2025,0.7569934
Mozambique,2025,0.81554174
Myanmar,2025,0.2900199
Namibia,2025,0.9415937
Nauru,2025,0.73251295
Nepal,2025,0.8964138
Netherlands,2025,0.18564889
New Caledonia,2025,0.6196763
New Zealand,2025,0.12222187
Nicaragua,2025,0.8136494
Niger,2025,0.49017558
Nigeria,2025,0.75030506
North America,2025,0.20271613
North Macedonia,2025,0.8721773
Northern Mariana Islands,2025,0.77907944
Norway,2025,0.06399295
Not classified,2025,0.64758414
OECD members,2025,0.3406363
Oman,2025,0.5370209
Other small states,2025,0.6118928
Pacific island small states,2025,0.8323525
Pakistan,2025,0.8405811
Palau,2025,0.8563211
Panama,2025,0.7748424
Papua New Guinea,2025,1.0894393
Paraguay,2025,0.71916926
Peru,2025,0.9150641
Philippines,2025,0.8189964
Poland,2025,0.5870672
Portugal,2025,0.34269917
Post-demographic dividend,2025,0.27787384
Pre-demographic dividend,2025,0.8625877
Puerto Rico,2025,0.44210854
Qatar,2025,0.6186935
Romania,2025,0.7157125
Russian Federation,2025,0.719947
Rwanda,2025,0.82810676
Samoa,2025,0.5651661
San Marino,2025,0.0980974
Sao Tome and Principe,2025,0.7458004
Saudi Arabia,2025,1.0273471
Senegal,2025,0.6937803
Serbia,2025,0.7719301
Seychelles,2025,0.65987515
Sierra Leone,2025,0.83199507
Singapore,2025,0.302384
Sint Maarten (Dutch part),2025,0.8903401
Slovak Republic,2025,0.5207589
Slovenia,2025,0.29948717
Small states,2025,0.68792105
Solomon Islands,2025,0.94293183
Somalia,2025,0.7382008
South Africa,2025,0.47576913
South Asia,2025,1.0347071
South Asia (IDA & IBRD),2025,0.77449554
South Sudan,2025,0.81731784
Spain,2025,0.33121607
Sri Lanka,2025,0.9324298
St. Kitts and Nevis,2025,0.59753066
St. Lucia,2025,0.9625907
St. Martin (French part),2025,0.7657472
St. Vincent and the Grenadines,2025,0.74167466
Sub-Saharan Africa,2025,0.89624536
Sub-Saharan Africa (IDA & IBRD countries),2025,0.8147482
Sub-Saharan Africa (excluding high income),2025,0.93820643
Sudan,2025,0.61572945
Suriname,2025,0.7110334
Sweden,2025,0.12789103
Switzerland,2025,0.08595657
Syrian Arab Republic,2025,0.8493729
Tajikistan,2025,0.60689706
Tanzania,2025,0.9229686
Thailand,2025,0.73159987
Timor-Leste,2025,0.51941943
Togo,2025,0.64782923
Tonga,2025,0.6088444
Trinidad and Tobago,2025,0.5127059
Tunisia,2025,0.6982646
Turkiye,2025,0.74543333
Turkmenistan,2025,0.63073766
Turks and Caicos Islands,2025,0.85627997
Tuvalu,2025,0.8470238
Uganda,2025,0.8930695
Ukraine,2025,0.80931103
United Arab Emirates,2025,0.42581484
United Kingdom,2025,0.26697597
United States,2025,0.24449977
Upper middle income,2025,1.1541225
Uruguay,2025,0.5315535
Uzbekistan,2025,0.66655284
Vanuatu,2025,0.70197904
Venezuela,2025,0.83057475
Vietnam,2025,0.7461337
Virgin Islands (U.S.),2025,0.46574768
West Bank and Gaza,2025,0.9511326
World,2025,1.4011809
Yemen,2025,0.66812205
Zambia,2025,0.8541043
Zimbabwe,2025,0.5966046
Afghanistan,2026,0.2597983
Africa Eastern and Southern,2026,
Africa Western and Central,2026,0.1955707
Albania,2026,0.596587
Algeria,2026,0.6745316
American Samoa,2026,0.696886
Andorra,2026,0.57256407
Angola,2026,0.15810941
Antigua and Barbuda,2026,0.4228593
Arab World,2026,0.8558113
Argentina,2026,0.6233304
Armenia,2026,0.7422186
Aruba,2026,
Australia,2026,0.27228186
Austria,2026,0.23575202
Azerbaijan,2026,0.8921988
Bahamas,2026,0.5988407
Bahrain,2026,0.39413092
Bangladesh,2026,0.6105486
Barbados,2026,0.42709413
Belarus,2026,0.6542768
Belgium,2026,0.09056559
Belize,2026,0.4731284
Benin,2026,0.6661265
Bermuda,2026,0.12566206
Bhutan,2026,0.61112773
Bolivia,2026,0.75514966
Bosnia and Herzegovina,2026,0.5022115
Botswana,2026,0.6407559
Brazil,2026,0.62579995
British Virgin Islands,2026,0.5071247
Brunei Darussalam,2026,0.1860489
Bulgaria,2026,0.37836954
Burkina Faso,2026,0.7362062
Burundi,2026,0.6186692
Cabo Verde,2026,0.7930871
Cambodia,2026,0.6000376
Cameroon,2026,0.9448551
Canada,2026,0.11024967
Caribbean small states,2026,0.51453346
Cayman Islands,2026,0.30734244
Central African Republic,2026,0.6266335
Central Europe and the Baltics,2026,0.46179166
Chad,2026,0.7505462
Channel Islands,2026,0.21270977
Chile,2026,0.5135608
China,2026,0.8701145
Colombia,2026,0.5878179
Comoros,2026,0.7801869
Congo,2026,0.9598175
Costa Rica,2026,0.44482318
Cote d'Ivoire,2026,0.77036816
Croatia,2026,0.32256368
Cuba,2026,0.8700268
Curacao,2026,0.5744773
Cyprus,2026,0.19265899
Czechia,2026,0.39541408
Denmark,2026,0.00983098
Djibouti,2026,0.56813407
Dominica,2026,0.52102256
Dominican Republic,2026,0.46230966
Early-demographic dividend,2026,1.1941682
East Asia & Pacific,2026,1.0456069
East Asia & Pacific (IDA & IBRD countries),2026,0.9676803
East Asia & Pacific (excluding high income),2026,0.95264614
Ecuador,2026,0.8401516
Egypt,2026,0.9399652
El Salvador,2026,0.6126958
Equatorial Guinea,2026,0.6862638
Eritrea,2026,0.9422371
Estonia,2026,0.10692161
Eswatini,2026,0.943651
Ethiopia,2026,0.37674585
Euro area,2026,0.23040733
Europe & Central Asia,2026,0.52203006
Europe & Central Asia (IDA & IBRD countries),2026,0.6615044
Europe & Central Asia (excluding high income),2026,0.85813284
European Union,2026,0.27100402
Faroe Islands,2026,0.047708064
Fiji,2026,0.507391
Finland,2026,0.02822837
Fragile and conflict affected situations,2026,0.80140734
France,2026,0.3198497
French Polynesia,2026,0.57244056
Gabon,2026,0.79033005
Gambia,2026,0.967448
Georgia,2026,0.43735957
Germany,2026,0.19293484
Ghana,2026,0.91865206
Gibraltar,2026,0.5895009
Greece,2026,0.26990637
Greenland,2026,0.28293124
Grenada,2026,0.6342052
Guam,2026,0.24419275
Guatemala,2026,0.6009099
Guinea,2026,0.9657618
Guinea-Bissau,2026,0.9419401
Guyana,2026,0.5838796
Haiti,2026,0.758439
Heavily indebted poor countries (HIPC),2026,0.73135865
High income,2026,0.20657663
Honduras,2026,0.59570295
Hong Kong SAR,2026,0.20023863
Hungary,2026,0.41773129
IBRD only,2026,1.1609362
IDA & IBRD total,2026,1.3203297
IDA blend,2026,0.86106145
IDA only,2026,0.86591613
IDA total,2026,0.8832135
Iceland,2026,-0.14620444
India,2026,0.98227787
Indonesia,2026,0.8865239
Iran,2026,0.8335183
Iraq,2026,0.71226513
Ireland,2026,0.3627123
Isle of Man,2026,0.8785479
Israel,2026,0.29786557
Italy,2026,0.2600447
Jamaica,2026,0.6745575
Japan,2026,0.2540565
Jordan,2026,0.58459365
Kazakhstan,2026,0.5784052
Kenya,2026,0.82620674
Kiribati,2026,0.7465584
Korea,2026,0.158348
Kosovo,2026,0.72885704
Kuwait,2026,0.5102731
Kyrgyz Republic,2026,0.7123287
Lao PDR,2026,0.67406666
Late-demographic dividend,2026,1.0004209
Latin America & Caribbean,2026,0.8107109
Latin America & Caribbean (excluding high income),2026,0.85655487
Latin America & the Caribbean (IDA & IBRD countries),2026,0.5752698
Latvia,2026,0.41993555
Least developed countries: UN classification,2026,1.0186764
Lebanon,2026,0.7975529
Lesotho,2026,0.63897926
Liberia,2026,0.8803315
Libya,2026,0.86029613
Liechtenstein,2026,0.29218638
Lithuania,2026,0.2943566
Low & middle income,2026,1.9543594
Low income,2026,0.95671654
Lower middle income,2026,1.4244565
Luxembourg,2026,0.04958643
Macao SAR,2026,0.52011704
Madagascar,2026,0.9528055
Malawi,2026,0.8178414
Malaysia,2026,0.48166844
Maldives,2026,0.25145707
Mali,2026,0.64371604
Malta,2026,0.26199883
Marshall Islands,2026,0.96267253
Mauritania,2026,0.81180835
Mauritius,2026,0.75179374
Mexico,2026,0.5642787
Micronesia,2026,0.65969145
Middle East & North Africa,2026,0.6000658
Middle East & North Africa (IDA & IBRD countries),2026,0.611886
Middle East & North Africa (excluding high income),2026,0.81889015
Middle income,2026,1.3547
Moldova,2026,0.82744044
Monaco,2026,0.19338226
Mongolia,2026,0.5207081
Montenegro,2026,0.65890133
Morocco,2026,0.77458805
Mozambique,2026,0.67538905
Myanmar,2026,0.27041236
Namibia,2026,0.9071092
Nauru,2026,0.46240994
Nepal,2026,0.9094306
Netherlands,2026,0.099444926
New Caledonia,2026,0.6111173
New Zealand,2026,0.08284417
Nicaragua,2026,0.7876339
Niger,2026,0.7079352
Nigeria,2026,0.77506196
North America,2026,0.095029354
North Macedonia,2026,0.6117455
Northern Mariana Islands,2026,0.6731688
Norway,2026,-0.033691347
Not classified,2026,0.6330475
OECD members,2026,0.24624011
Oman,2026,0.5256355
Other small states,2026,0.5349985
Pacific island small states,2026,0.7808764
Pakistan,2026,0.8378984
Palau,2026,0.57385075
Panama,2026,0.7147552
Papua New Guinea,2026,1.0089802
Paraguay,2026,0.677687
Peru,2026,0.8523778
Philippines,2026,0.6452677
Poland,2026,0.45819157
Portugal,2026,0.29973117
Post-demographic dividend,2026,0.17924035
Pre-demographic dividend,2026,0.8489482
Puerto Rico,2026,0.46751603
Qatar,2026,0.47841725
Romania,2026,0.59909564
Russian Federation,2026,0.68668777
Rwanda,2026,0.5979578
Samoa,2026,0.7488296
San Marino,2026,0.11732058
Sao Tome and Principe,2026,0.8033545
Saudi Arabia,2026,1.0280776
Senegal,2026,0.720271
Serbia,2026,0.74513775
Seychelles,2026,0.5990504
Sierra Leone,2026,0.5735555
Singapore,2026,0.16277853
Sint Maarten (Dutch part),2026,0.7879393
Slovak Republic,2026,0.2655606
Slovenia,2026,0.26776603
Small states,2026,0.67647284
Solomon Islands,2026,0.72884613
Somalia,2026,0.74285626
South Africa,2026,0.42947945
South Asia,2026,0.9417995
South Asia (IDA & IBRD),2026,0.8377198
South Sudan,2026,0.78445286
Spain,2026,0.3450948
Sri Lanka,2026,0.8652739
St. Kitts and Nevis,2026,0.55353606
St. Lucia,2026,0.76411015
St. Martin (French part),2026,0.6774468
St. Vincent and the Grenadines,2026,0.56590307
Sub-Saharan Africa,2026,0.8991455
Sub-Saharan Africa (IDA & IBRD countries),2026,0.84876215
Sub-Saharan Africa (excluding high income),2026,0.89977837
Sudan,2026,0.6384165
Suriname,2026,0.7724877
Sweden,2026,0.0036723297
Switzerland,2026,0.022001086
Syrian Arab Republic,2026,0.81563574
Tajikistan,2026,0.5716408
Tanzania,2026,0.82632583
Thailand,2026,0.60375565
Timor-Leste,2026,0.6394883
Togo,2026,0.6110505
Tonga,2026,0.5931839
Trinidad and Tobago,2026,0.47583577
Tunisia,2026,0.6837904
Turkiye,2026,0.5771916
Turkmenistan,2026,0.628687
Turks and Caicos Islands,2026,0.57012665
Tuvalu,2026,0.75684285
Uganda,2026,0.94719225
Ukraine,2026,0.83365417
United Arab Emirates,2026,0.28621218
United Kingdom,2026,0.096892744
United States,2026,0.13001978
Upper middle income,2026,1.0954379
Uruguay,2026,0.5744777
Uzbekistan,2026,0.59990484
Vanuatu,2026,0.737242
Venezuela,2026,0.73726463
Vietnam,2026,0.77091515
Virgin Islands (U.S.),2026,0.3723797
West Bank and Gaza,2026,0.93209946
World,2026,1.3279963
Yemen,2026,0.7090218
Zambia,2026,0.8727971
Zimbabwe,2026,0.7140051
Afghanistan,2027,0.2985275
Africa Eastern and Southern,2027,
Africa Western and Central,2027,0.22435383
Albania,2027,0.42380455
Algeria,2027,0.6017084
American Samoa,2027,0.6653043
Andorra,2027,0.25367647
Angola,2027,0.19586371
Antigua and Barbuda,2027,0.3015888
Arab World,2027,0.6781397
Argentina,2027,0.41050708
Armenia,2027,0.6214072
Aruba,2027,
Australia,2027,0.18339443
Austria,2027,0.12420264
Azerbaijan,2027,0.52207756
Bahamas,2027,0.47597003
Bahrain,2027,0.297959
Bangladesh,2027,0.62562376
Barbados,2027,0.16217357
Belarus,2027,0.45785183
Belgium,2027,-0.008011999
Belize,2027,0.26846984
Benin,2027,0.67237395
Bermuda,2027,0.029238267
Bhutan,2027,0.52298355
Bolivia,2027,0.67415655
Bosnia and Herzegovina,2027,0.44986048
Botswana,2027,0.5519302
Brazil,2027,0.5833803
British Virgin Islands,2027,0.48979685
Brunei Darussalam,2027,0.13236444
Bulgaria,2027,0.31325826
Burkina Faso,2027,0.6906394
Burundi,2027,0.5977685
Cabo Verde,2027,0.54982567
Cambodia,2027,0.44774324
Cameroon,2027,0.96257013
Canada,2027,0.04518497
Caribbean small states,2027,0.40291128
Cayman Islands,2027,0.27587447
Central African Republic,2027,0.28808382
Central Europe and the Baltics,2027,0.3713609
Chad,2027,0.65609753
Channel Islands,2027,0.1900832
Chile,2027,0.38681033
China,2027,0.75562525
Colombia,2027,0.5254824
Comoros,2027,0.754549
Congo,2027,1.1233348
Costa Rica,2027,0.40802482
Cote d'Ivoire,2027,0.73993343
Croatia,2027,0.32225385
Cuba,2027,0.8124501
Curacao,2027,0.53709996
Cyprus,2027,0.117285624
Czechia,2027,0.26995948
Denmark,2027,-0.1425785
Djibouti,2027,0.47089255
Dominica,2027,0.30230892
Dominican Republic,2027,0.50598013
Early-demographic dividend,2027,1.1015954
East Asia & Pacific,2027,0.9581785
East Asia & Pacific (IDA & IBRD countries),2027,0.8764071
East Asia & Pacific (excluding high income),2027,0.8610767
Ecuador,2027,0.7173996
Egypt,2027,0.9346461
El Salvador,2027,0.6075562
Equatorial Guinea,2027,0.6891259
Eritrea,2027,0.46045998
Estonia,2027,-0.010012554
Eswatini,2027,0.914567
Ethiopia,2027,0.39327306
Euro area,2027,0.15702546
Europe & Central Asia,2027,0.41131195
Europe & Central Asia (IDA & IBRD countries),2027,0.55260044
Europe & Central Asia (excluding high income),2027,0.71616495
European Union,2027,0.18289435
Faroe Islands,2027,0.018821506
Fiji,2027,0.5249034
Finland,2027,-0.04261154
Fragile and conflict affected situations,2027,0.7942102
France,2027,0.23888093
French Polynesia,2027,0.55496585
Gabon,2027,0.7655785
Gambia,2027,0.38282108
Georgia,2027,0.45862812
Germany,2027,0.107647985
Ghana,2027,0.88577724
Gibraltar,2027,0.44649407
Greece,2027,0.20855583
Greenland,2027,0.119015336
Grenada,2027,0.38706732
Guam,2027,0.21170764
Guatemala,2027,0.52758074
Guinea,2027,0.6184436
Guinea-Bissau,2027,0.89639664
Guyana,2027,0.56225353
Haiti,2027,0.6838859
Heavily indebted poor countries (HIPC),2027,0.7040483
High income,2027,0.11162396
Honduras,2027,0.54080427
Hong Kong SAR,2027,0.095109686
Hungary,2027,0.3574097
IBRD only,2027,1.0846462
IDA & IBRD total,2027,1.2548032
IDA blend,2027,0.85211116
IDA only,2027,0.82879716
IDA total,2027,0.8545382
Iceland,2027,-0.17918892
India,2027,0.82806295
Indonesia,2027,0.8524987
Iran,2027,0.623966
Iraq,2027,0.7349652
Ireland,2027,0.23352844
Isle of Man,2027,0.8195454
Israel,2027,0.20417084
Italy,2027,0.2222349
Jamaica,2027,0.5436077
Japan,2027,0.156412
Jordan,2027,0.54062223
Kazakhstan,2027,0.81515205
Kenya,2027,0.7885436
Kiribati,2027,0.6746677
Korea,2027,0.7504046
Kosovo,2027,0.6765833
Kuwait,2027,0.20695601
Kyrgyz Republic,2027,0.7074462
Lao PDR,2027,0.6760365
Late-demographic dividend,2027,0.89408404
Latin America & Caribbean,2027,0.7308192
Latin America & Caribbean (excluding high income),2027,0.77757293
Latin America & the Caribbean (IDA & IBRD countries),2027,0.51278883
Latvia,2027,0.2660541
Least developed countries: UN classification,2027,0.97270906
Lebanon,2027,0.6826092
Lesotho,2027,0.5642436
Liberia,2027,0.9230101
Libya,2027,0.6318923
Liechtenstein,2027,0.100008175
Lithuania,2027,0.14908212
Low & middle income,2027,1.8645333
Low income,2027,0.90190804
Lower middle income,2027,1.4265882
Luxembourg,2027,-0.10790853
Macao SAR,2027,0.31907007
Madagascar,2027,0.7042417
Malawi,2027,0.68199086
Malaysia,2027,0.4105839
Maldives,2027,0.19033425
Mali,2027,0.534827
Malta,2027,0.20448363
Marshall Islands,2027,0.9863006
Mauritania,2027,0.7406755
Mauritius,2027,0.628428
Mexico,2027,0.5159762
Micronesia,2027,0.6455257
Middle East & North Africa,2027,0.505396
Middle East & North Africa (IDA & IBRD countries),2027,0.5720669
Middle East & North Africa (excluding high income),2027,0.78969324
Middle income,2027,1.2604374
Moldova,2027,0.7618346
Monaco,2027,0.1302624
Mongolia,2027,0.6343708
Montenegro,2027,0.6114206
Morocco,2027,0.67566514
Mozambique,2027,0.67792845
Myanmar,2027,0.23963764
Namibia,2027,0.7203145
Nauru,2027,0.37334245
Nepal,2027,0.8401576
Netherlands,2027,0.039778262
New Caledonia,2027,0.45429084
New Zealand,2027,0.032779664
Nicaragua,2027,0.6589333
Niger,2027,0.5283679
Nigeria,2027,0.7736194
North America,2027,0.021641953
North Macedonia,2027,0.44885626
Northern Mariana Islands,2027,0.6447526
Norway,2027,-0.1326774
Not classified,2027,0.4741003
OECD members,2027,0.16431318
Oman,2027,0.4546047
Other small states,2027,0.4729797
Pacific island small states,2027,0.6888861
Pakistan,2027,0.7287796
Palau,2027,0.56080246
Panama,2027,0.647827
Papua New Guinea,2027,0.9062091
Paraguay,2027,0.61811423
Peru,2027,0.78663766
Philippines,2027,0.58560014
Poland,2027,0.3236728
Portugal,2027,0.16093035
Post-demographic dividend,2027,0.119791314
Pre-demographic dividend,2027,0.7952945
Puerto Rico,2027,0.39994115
Qatar,2027,0.40416363
Romania,2027,0.54231405
Russian Federation,2027,0.5987232
Rwanda,2027,0.85827106
Samoa,2027,0.6256537
San Marino,2027,0.08887865
Sao Tome and Principe,2027,0.62511456
Saudi Arabia,2027,0.8301226
Senegal,2027,0.64180094
Serbia,2027,0.7406142
Seychelles,2027,0.5426741
Sierra Leone,2027,0.8454654
Singapore,2027,0.0126128625
Sint Maarten (Dutch part),2027,0.7684972
Slovak Republic,2027,0.18632776
Slovenia,2027,0.22406447
Small states,2027,0.57069504
Solomon Islands,2027,0.6912547
Somalia,2027,0.7144499
South Africa,2027,0.3970726
South Asia,2027,0.9247242
South Asia (IDA & IBRD),2027,0.82347673
South Sudan,2027,0.7742382
Spain,2027,0.09619263
Sri Lanka,2027,0.78357553
St. Kitts and Nevis,2027,0.38747004
St. Lucia,2027,0.3569711
St. Martin (French part),2027,0.5491352
St. Vincent and the Grenadines,2027,0.30517057
Sub-Saharan Africa,2027,0.8619098
Sub-Saharan Africa (IDA & IBRD countries),2027,0.88023424
Sub-Saharan Africa (excluding high income),2027,0.8895392
Sudan,2027,0.57605505
Suriname,2027,0.5933789
Sweden,2027,-0.0755001
Switzerland,2027,0.09694111
Syrian Arab Republic,2027,0.6911278
Tajikistan,2027,0.5462537
Tanzania,2027,0.7902826
Thailand,2027,0.53485626
Timor-Leste,2027,0.6111634
Togo,2027,0.5650409
Tonga,2027,0.5476693
Trinidad and Tobago,2027,0.26267067
Tunisia,2027,0.5290822
Turkiye,2027,0.44298357
Turkmenistan,2027,0.5853028
Turks and Caicos Islands,2027,0.28616345
Tuvalu,2027,0.72222316
Uganda,2027,0.8812825
Ukraine,2027,0.740698
United Arab Emirates,2027,0.1879089
United Kingdom,2027,-0.028242858
United States,2027,0.040060103
Upper middle income,2027,0.99881184
Uruguay,2027,0.46288383
Uzbekistan,2027,0.6129759
Vanuatu,2027,0.6805279
Venezuela,2027,0.6629804
Vietnam,2027,0.7132623
Virgin Islands (U.S.),2027,0.32584366
West Bank and Gaza,2027,0.64499784
World,2027,1.2591544
Yemen,2027,0.7372081
Zambia,2027,0.79683423
Zimbabwe,2027,0.71530825
Afghanistan,2028,0.3103221
Africa Eastern and Southern,2028,
Africa Western and Central,2028,0.18730634
Albania,2028,0.3581349
Algeria,2028,0.53841436
American Samoa,2028,0.5885602
Andorra,2028,0.10297646
Angola,2028,0.12481193
Antigua and Barbuda,2028,0.1966103
Arab World,2028,0.5594563
Argentina,2028,0.2895025
Armenia,2028,0.69142896
Aruba,2028,
Australia,2028,0.054308653
Austria,2028,0.0071091633
Azerbaijan,2028,0.42316756
Bahamas,2028,0.4514117
Bahrain,2028,0.15224886
Bangladesh,2028,0.6852767
Barbados,2028,0.008912412
Belarus,2028,0.36304358
Belgium,2028,-0.13176894
Belize,2028,0.29891407
Benin,2028,0.6090292
Bermuda,2028,-0.052363604
Bhutan,2028,0.6670256
Bolivia,2028,0.633225
Bosnia and Herzegovina,2028,0.29664978
Botswana,2028,0.540109
Brazil,2028,0.44195133
British Virgin Islands,2028,0.40600595
Brunei Darussalam,2028,0.22199255
Bulgaria,2028,0.23193756
Burkina Faso,2028,0.65786934
Burundi,2028,0.6356007
Cabo Verde,2028,0.33562425
Cambodia,2028,0.2994594
Cameroon,2028,0.8983612
Canada,2028,-0.035727367
Caribbean small states,2028,0.34750253
Cayman Islands,2028,0.15409459
Central African Republic,2028,0.49944624
Central Europe and the Baltics,2028,0.24658003
Chad,2028,0.42616546
Channel Islands,2028,0.09052503
Chile,2028,0.25896767
China,2028,0.7061662
Colombia,2028,0.46393088
Comoros,2028,0.69812924
Congo,2028,1.0428663
Costa Rica,2028,0.39649814
Cote d'Ivoire,2028,0.67356133
Croatia,2028,0.24639538
Cuba,2028,0.7014559
Curacao,2028,0.36102068
Cyprus,2028,0.026871873
Czechia,2028,0.186764
Denmark,2028,-0.23258731
Djibouti,2028,0.44501218
Dominica,2028,0.19288433
Dominican Republic,2028,0.4213716
Early-demographic dividend,2028,0.93511266
East Asia & Pacific,2028,0.84032154
East Asia & Pacific (IDA & IBRD countries),2028,0.8040695
East Asia & Pacific (excluding high income),2028,0.7004898
Ecuador,2028,0.58082837
Egypt,2028,0.87830985
El Salvador,2028,0.5431721
Equatorial Guinea,2028,0.25452003
Eritrea,2028,0.3575982
Estonia,2028,-0.12348983
Eswatini,2028,0.7796612
Ethiopia,2028,0.71926785
Euro area,2028,0.036908142
Europe & Central Asia,2028,0.29487762
Europe & Central Asia (IDA & IBRD countries),2028,0.432156
Europe & Central Asia (excluding high income),2028,0.6162187
European Union,2028,0.06551642
Faroe Islands,2028,-0.14566807
Fiji,2028,0.40377206
Finland,2028,-0.13780457
Fragile and conflict affected situations,2028,0.60742056
France,2028,0.13621664
French Polynesia,2028,0.4981242
Gabon,2028,0.6060748
Gambia,2028,0.5672946
Georgia,2028,0.4375762
Germany,2028,-0.03239554
Ghana,2028,0.77621025
Gibraltar,2028,0.34613204
Greece,2028,0.15720025
Greenland,2028,-0.025532203
Grenada,2028,0.4260002
Guam,2028,0.06248483
Guatemala,2028,0.39769498
Guinea,2028,0.88869077
Guinea-Bissau,2028,0.62188447
Guyana,2028,0.4739234
Haiti,2028,0.6080467
Heavily indebted poor countries (HIPC),2028,0.62419295
High income,2028,0.03970293
Honduras,2028,0.4293609
Hong Kong SAR,2028,-0.005237879
Hungary,2028,0.2738354
IBRD only,2028,0.99702585
IDA & IBRD total,2028,1.1764923
IDA blend,2028,0.8012606
IDA only,2028,0.78269035
IDA total,2028,0.8085744
Iceland,2028,-0.17186202
India,2028,0.7909924
Indonesia,2028,0.80971694
Iran,2028,0.61896676
Iraq,2028,0.17606914
Ireland,2028,0.14069909
Isle of Man,2028,0.7952713
Israel,2028,0.08079101
Italy,2028,0.12716714
Jamaica,2028,0.42135125
Japan,2028,0.0018236022
Jordan,2028,0.3861183
Kazakhstan,2028,0.73307514
Kenya,2028,0.7546024
Kiribati,2028,0.64580584
Korea,2028,0.064296156
Kosovo,2028,0.6554255
Kuwait,2028,0.13838917
Kyrgyz Republic,2028,0.6651397
Lao PDR,2028,0.6225252
Late-demographic dividend,2028,0.8043904
Latin America & Caribbean,2028,0.570916
Latin America & Caribbean (excluding high income),2028,0.6384511
Latin America & the Caribbean (IDA & IBRD countries),2028,0.42830196
Latvia,2028,0.09162248
Least developed countries: UN classification,2028,0.89897215
Lebanon,2028,0.6390269
Lesotho,2028,0.57662463
Liberia,2028,0.73877877
Libya,2028,0.6387038
Liechtenstein,2028,-0.04745391
Lithuania,2028,0.052311093
Low & middle income,2028,1.649828
Low income,2028,0.794914
Lower middle income,2028,1.4360844
Luxembourg,2028,-0.16965961
Macao SAR,2028,0.1411233
Madagascar,2028,0.6414013
Malawi,2028,0.75783336
Malaysia,2028,0.27999198
Maldives,2028,0.19714582
Mali,2028,0.594288
Malta,2028,0.16501942
Marshall Islands,2028,0.8981865
Mauritania,2028,0.695529
Mauritius,2028,0.53162396
Mexico,2028,0.43514222
Micronesia,2028,0.5282668
Middle East & North Africa,2028,0.41154578
Middle East & North Africa (IDA & IBRD countries),2028,0.6273577
Middle East & North Africa (excluding high income),2028,0.61439586
Middle income,2028,1.1598518
Moldova,2028,0.6286893
Monaco,2028,0.05712557
Mongolia,2028,0.44240746
Montenegro,2028,0.12878604
Morocco,2028,0.56445265
Mozambique,2028,0.6705036
Myanmar,2028,0.18338308
Namibia,2028,0.57331437
Nauru,2028,0.2702083
Nepal,2028,0.7494042
Netherlands,2028,-0.04932353
New Caledonia,2028,0.31082642
New Zealand,2028,-0.033741325
Nicaragua,2028,0.5767807
Niger,2028,0.7715182
Nigeria,2028,0.7345145
North America,2028,-0.042909324
North Macedonia,2028,0.31676075
Northern Mariana Islands,2028,0.5913989
Norway,2028,-0.19977936
Not classified,2028,0.39750275
OECD members,2028,0.07129863
Oman,2028,0.42215523
Other small states,2028,0.44582567
Pacific island small states,2028,0.626294
Pakistan,2028,0.6794356
Palau,2028,0.438598
Panama,2028,0.49933168
Papua New Guinea,2028,0.9287939
Paraguay,2028,0.55405444
Peru,2028,0.67264915
Philippines,2028,0.53739405
Poland,2028,0.17667699
Portugal,2028,0.080327794
Post-demographic dividend,2028,0.04137343
Pre-demographic dividend,2028,0.64548355
Puerto Rico,2028,0.26819506
Qatar,2028,0.20480204
Romania,2028,0.30483383
Russian Federation,2028,0.46380633
Rwanda,2028,0.80632156
Samoa,2028,0.6226307
San Marino,2028,0.05823029
Sao Tome and Principe,2028,0.67520165
Saudi Arabia,2028,0.7540941
Senegal,2028,0.50833124
Serbia,2028,0.24348664
Seychelles,2028,0.46312118
Sierra Leone,2028,0.6892577
Singapore,2028,-0.08239642
Sint Maarten (Dutch part),2028,0.66243637
Slovak Republic,2028,0.053034753
Slovenia,2028,0.10356137
Small states,2028,0.5144181
Solomon Islands,2028,0.668946
Somalia,2028,0.6075803
South Africa,2028,0.35061145
South Asia,2028,0.8750123
South Asia (IDA & IBRD),2028,0.87236726
South Sudan,2028,0.73045754
Spain,2028,0.032525033
Sri Lanka,2028,0.7064007
St. Kitts and Nevis,2028,0.24215856
St. Lucia,2028,0.26220074
St. Martin (French part),2028,0.41796008
St. Vincent and the Grenadines,2028,0.27782485
Sub-Saharan Africa,2028,0.85833836
Sub-Saharan Africa (IDA & IBRD countries),2028,0.84691244
Sub-Saharan Africa (excluding high income),2028,0.8426861
Sudan,2028,0.50854385
Suriname,2028,0.566338
Sweden,2028,-0.117607415
Switzerland,2028,0.02644333
Syrian Arab Republic,2028,0.66982794
Tajikistan,2028,0.5117688
Tanzania,2028,0.71817386
Thailand,2028,0.45800596
Timor-Leste,2028,0.64126194
Togo,2028,0.5547411
Tonga,2028,0.7197844
Trinidad and Tobago,2028,0.21363956
Tunisia,2028,0.37848905
Turkiye,2028,0.28120443
Turkmenistan,2028,0.53916216
Turks and Caicos Islands,2028,0.14036745
Tuvalu,2028,0.64632654
Uganda,2028,0.85069865
Ukraine,2028,0.6250177
United Arab Emirates,2028,0.039874986
United Kingdom,2028,-0.082791835
United States,2028,-0.0390428
Upper middle income,2028,0.86055744
Uruguay,2028,0.39843187
Uzbekistan,2028,0.5447632
Vanuatu,2028,0.7478744
Venezuela,2028,0.55195403
Vietnam,2028,0.7010289
Virgin Islands (U.S.),2028,0.26273432
West Bank and Gaza,2028,0.5158289
World,2028,1.0665023
Yemen,2028,0.64975584
Zambia,2028,0.76241815
Zimbabwe,2028,0.62306273
