Country Name,Country Code,Year,Internet Usage Per 100
Afghanistan,AFG,2010,4.0
Africa Eastern and Southern,AFE,2010,5.3
Africa Western and Central,AFW,2010,7.24
Albania,ALB,2010,45.0
Algeria,DZA,2010,12.5
American Samoa,ASM,2010,36.0
Andorra,AND,2010,81.0
Angola,AGO,2010,2.8
Antigua and Barbuda,ATG,2010,47.0
Arab World,ARB,2010,25.68
Argentina,ARG,2010,45.0
Armenia,ARM,2010,25.0
Aruba,ABW,2010,62.0
Australia,AUS,2010,76.0
Austria,AUT,2010,75.17
Azerbaijan,AZE,2010,46.0
Bahamas, The,2010,33.88
Bahrain,BHR,2010,55.0
Bangladesh,BGD,2010,3.7
Barbados,BRB,2010,65.1
Belarus,BLR,2010,31.8
Belgium,BEL,2010,75.0
Belize,BLZ,2010,28.2
Benin,BEN,2010,3.13
Bermuda,BMU,2010,84.21
Bhutan,BTN,2010,13.6
Bolivia,BOL,2010,22.4
Bosnia and Herzegovina,BIH,2010,42.75
Botswana,BWA,2010,6.0
Brazil,BRA,2010,40.65
British Virgin Islands,VGB,2010,37.0
Brunei Darussalam,BRN,2010,53.0
Bulgaria,BGR,2010,46.23
Burkina Faso,BFA,2010,2.4
Burundi,BDI,2010,1.0
Cabo Verde,CPV,2010,30.0
Cambodia,KHM,2010,1.26
Cameroon,CMR,2010,4.3
Canada,CAN,2010,80.3
Caribbean small states,CSS,2010,35.59
Cayman Islands,CYM,2010,66.0
Central African Republic,CAF,2010,2.0
Central Europe and the Baltics,CEB,2010,58.6
Chad,TCD,2010,1.7
Channel Islands,CHI,2010,64.45
Chile,CHL,2010,45.0
China,CHN,2010,34.3
Colombia,COL,2010,36.5
Comoros,COM,2010,5.1
Congo, Dem. Rep.,2010,0.56
Congo, Rep.,2010,4.5
Costa Rica,CRI,2010,36.5
Cote d'Ivoire,CIV,2010,2.7
Croatia,HRV,2010,56.55
Cuba,CUB,2010,15.9
Curacao,CUW,2010,40.95
Cyprus,CYP,2010,52.99
Czechia,CZE,2010,68.82
Denmark,DNK,2010,88.72
Djibouti,DJI,2010,6.5
Dominica,DMA,2010,47.45
Dominican Republic,DOM,2010,31.4
Early-demographic dividend,EAR,2010,12.79
East Asia & Pacific,EAS,2010,34.23
East Asia & Pacific (IDA & IBRD countries),TEA,2010,29.28
East Asia & Pacific (excluding high income),EAP,2010,28.92
Ecuador,ECU,2010,29.03
Egypt, Arab Rep.,2010,20.0
El Salvador,SLV,2010,15.9
Equatorial Guinea,GNQ,2010,6.0
Eritrea,ERI,2010,0.61
Estonia,EST,2010,74.1
Eswatini,SWZ,2010,11.04
Ethiopia,ETH,2010,0.75
Euro area,EMU,2010,71.0
Europe & Central Asia,ECS,2010,57.0
Europe & Central Asia (IDA & IBRD countries),TEC,2010,40.05
Europe & Central Asia (excluding high income),ECA,2010,37.6
European Union,EUU,2010,68.67
Faroe Islands,FRO,2010,75.2
Fiji,FJI,2010,20.0
Finland,FIN,2010,86.89
Fragile and conflict affected situations,FCS,2010,8.4
France,FRA,2010,77.28
French Polynesia,PYF,2010,49.0
Gabon,GAB,2010,13.0
Gambia, The,2010,7.63
Georgia,GEO,2010,26.9
Germany,DEU,2010,82.0
Ghana,GHA,2010,7.8
Gibraltar,GIB,2010,65.0
Greece,GRC,2010,44.4
Greenland,GRL,2010,63.0
Grenada,GRD,2010,27.0
Guam,GUM,2010,54.04
Guatemala,GTM,2010,10.5
Guinea,GIN,2010,1.0
Guinea-Bissau,GNB,2010,2.45
Guyana,GUY,2010,29.9
Haiti,HTI,2010,8.37
Heavily indebted poor countries (HIPC),HPC,2010,3.38
High income,HIC,2010,71.48
Honduras,HND,2010,11.09
Hong Kong SAR, China,2010,69.4
Hungary,HUN,2010,65.0
IBRD only,IBD,2010,24.99
IDA & IBRD total,IBT,2010,20.58
IDA blend,IDB,2010,9.32
IDA only,IDX,2010,4.03
IDA total,IDA,2010,5.9
Iceland,ISL,2010,93.39
India,IND,2010,7.5
Indonesia,IDN,2010,10.92
Iran, Islamic Rep.,2010,13.8
Iraq,IRQ,2010,2.5
Ireland,IRL,2010,69.85
Isle of Man,IMN,2010,5.76
Israel,ISR,2010,67.5
Italy,ITA,2010,53.68
Jamaica,JAM,2010,27.67
Japan,JPN,2010,78.21
Jordan,JOR,2010,27.2
Kazakhstan,KAZ,2010,31.6
Kenya,KEN,2010,7.2
Kiribati,KIR,2010,9.07
Korea, Rep.,2010,81.6
Korea, Dem. People's Rep.,2010,0.0
Kosovo,XKX,2010,8.48
Kuwait,KWT,2010,61.4
Kyrgyz Republic,KGZ,2010,16.3
Lao PDR,LAO,2010,7.0
Late-demographic dividend,LTE,2010,36.66
Latin America & Caribbean,LCN,2010,34.74
Latin America & Caribbean (excluding high income),LAC,2010,34.01
Latin America & the Caribbean (IDA & IBRD countries),TLA,2010,35.01
Latvia,LVA,2010,68.42
Least developed countries: UN classification,LDC,2010,3.11
Lebanon,LBN,2010,43.68
Lesotho,LSO,2010,3.86
Liberia,LBR,2010,2.3
Libya,LBY,2010,14.0
Liechtenstein,LIE,2010,80.0
Lithuania,LTU,2010,62.12
Low & middle income,LMY,2010,19.92
Low income,LIC,2010,3.43
Lower middle income,LMC,2010,10.53
Luxembourg,LUX,2010,90.62
Macao SAR, China,2010,54.0
Madagascar,MDG,2010,1.7
Malawi,MWI,2010,2.26
Malaysia,MYS,2010,56.3
Maldives,MDV,2010,26.53
Mali,MLI,2010,2.0
Malta,MLT,2010,63.0
Marshall Islands,MHL,2010,7.0
Mauritania,MRT,2010,4.0
Mauritius,MUS,2010,28.33
Mexico,MEX,2010,31.05
Micronesia, Fed. Sts.,2010,15.35
Middle East & North Africa,MEA,2010,24.86
Middle East & North Africa (IDA & IBRD countries),TMN,2010,20.52
Middle East & North Africa (excluding high income),MNA,2010,20.72
Middle income,MIC,2010,21.35
Moldova,MDA,2010,29.68
Monaco,MCO,2010,75.0
Mongolia,MNG,2010,10.2
Montenegro,MNE,2010,37.5
Morocco,MAR,2010,52.0
Mozambique,MOZ,2010,4.17
Myanmar,MMR,2010,0.25
Namibia,NAM,2010,11.6
Nauru,NRU,2010,44.2
Nepal,NPL,2010,7.93
Netherlands,NLD,2010,90.72
New Caledonia,NCL,2010,42.0
New Zealand,NZL,2010,80.46
Nicaragua,NIC,2010,10.0
Niger,NER,2010,0.83
Nigeria,NGA,2010,11.5
North America,NAC,2010,72.54
North Macedonia,MKD,2010,51.9
Northern Mariana Islands,MNP,2010,7.18
Norway,NOR,2010,93.39
Not classified,INX,2010,38.67
OECD members,OED,2010,66.54
Oman,OMN,2010,35.83
Other small states,OSS,2010,23.85
Pacific island small states,PSS,2010,12.98
Pakistan,PAK,2010,8.0
Palau,PLW,2010,13.14
Panama,PAN,2010,40.1
Papua New Guinea,PNG,2010,1.28
Paraguay,PRY,2010,19.8
Peru,PER,2010,34.77
Philippines,PHL,2010,25.0
Poland,POL,2010,62.32
Portugal,PRT,2010,53.3
Post-demographic dividend,PST,2010,70.96
Pre-demographic dividend,PRE,2010,5.03
Puerto Rico,PRI,2010,45.3
Qatar,QAT,2010,69.0
Romania,ROU,2010,39.93
Russian Federation,RUS,2010,49.0
Rwanda,RWA,2010,8.0
Samoa,WSM,2010,7.0
San Marino,SMR,2010,24.23
Sao Tome and Principe,STP,2010,18.75
Saudi Arabia,SAU,2010,41.0
Senegal,SEN,2010,8.0
Serbia,SRB,2010,40.9
Seychelles,SYC,2010,41.0
Sierra Leone,SLE,2010,0.58
Singapore,SGP,2010,71.0
Sint Maarten (Dutch part),SXM,2010,26.02
Slovak Republic,SVK,2010,75.71
Slovenia,SVN,2010,70.0
Small states,SST,2010,25.47
Solomon Islands,SLB,2010,5.0
Somalia,SOM,2010,32.57
South Africa,ZAF,2010,24.0
South Asia,SAS,2010,7.17
South Asia (IDA & IBRD),TSA,2010,7.17
South Sudan,SSD,2010,6.14
Spain,ESP,2010,65.8
Sri Lanka,LKA,2010,45.27
St. Kitts and Nevis,KNA,2010,63.0
St. Lucia,LCA,2010,32.5
St. Martin (French part),MAF,2010,53.0
St. Vincent and the Grenadines,VCT,2010,33.7
Sub-Saharan Africa,SSF,2010,6.14
Sub-Saharan Africa (IDA & IBRD countries),TSS,2010,6.14
Sub-Saharan Africa (excluding high income),SSA,2010,6.13
Sudan,SDN,2010,24.5
Suriname,SUR,2010,31.59
Sweden,SWE,2010,90.0
Switzerland,CHE,2010,83.9
Syrian Arab Republic,SYR,2010,20.7
Tajikistan,TJK,2010,11.55
Tanzania,TZA,2010,2.9
Thailand,THA,2010,22.4
Timor-Leste,TLS,2010,3.0
Togo,TGO,2010,3.0
Tonga,TON,2010,16.0
Trinidad and Tobago,TTO,2010,48.5
Tunisia,TUN,2010,36.8
Turkiye,TUR,2010,39.82
Turkmenistan,TKM,2010,3.0
Turks and Caicos Islands,TCA,2010,11.2
Tuvalu,TUV,2010,14.6
Uganda,UGA,2010,4.3
Ukraine,UKR,2010,23.3
United Arab Emirates,ARE,2010,68.0
United Kingdom,GBR,2010,85.0
United States,USA,2010,71.69
Upper middle income,UMC,2010,32.51
Uruguay,URY,2010,46.4
Uzbekistan,UZB,2010,15.9
Vanuatu,VUT,2010,8.0
Venezuela, RB,2010,32.7
Vietnam,VNM,2010,30.65
Virgin Islands (U.S.),VIR,2010,31.22
West Bank and Gaza,PSE,2010,37.4
World,WLD,2010,28.79
Yemen, Rep.,2010,9.96
Zambia,ZMB,2010,3.0
Zimbabwe,ZWE,2010,6.4
Afghanistan,AFG,2011,5.0
Africa Eastern and Southern,AFE,2011,6.8
Africa Western and Central,AFW,2011,8.66
Albania,ALB,2011,47.0
Algeria,DZA,2011,14.9
American Samoa,ASM,2011,42.0
Andorra,AND,2011,81.0
Angola,AGO,2011,4.7
Antigua and Barbuda,ATG,2011,52.0
Arab World,ARB,2011,27.55
Argentina,ARG,2011,51.0
Armenia,ARM,2011,32.0
Aruba,ABW,2011,69.0
Australia,AUS,2011,79.49
Austria,AUT,2011,78.74
Azerbaijan,AZE,2011,50.0
Bahamas, The,2011,43.0
Bahrain,BHR,2011,77.0
Bangladesh,BGD,2011,4.5
Barbados,BRB,2011,66.5
Belarus,BLR,2011,39.65
Belgium,BEL,2011,81.61
Belize,BLZ,2011,30.7
Benin,BEN,2011,4.15
Bermuda,BMU,2011,88.34
Bhutan,BTN,2011,14.4
Bolivia,BOL,2011,30.0
Bosnia and Herzegovina,BIH,2011,43.89
Botswana,BWA,2011,9.0
Brazil,BRA,2011,45.69
British Virgin Islands,VGB,2011,37.4
Brunei Darussalam,BRN,2011,56.0
Bulgaria,BGR,2011,47.98
Burkina Faso,BFA,2011,3.0
Burundi,BDI,2011,1.11
Cabo Verde,CPV,2011,32.0
Cambodia,KHM,2011,3.1
Cameroon,CMR,2011,5.0
Canada,CAN,2011,83.0
Caribbean small states,CSS,2011,42.35
Cayman Islands,CYM,2011,69.47
Central African Republic,CAF,2011,2.2
Central Europe and the Baltics,CEB,2011,59.12
Chad,TCD,2011,1.9
Channel Islands,CHI,2011,68.72
Chile,CHL,2011,52.25
China,CHN,2011,38.3
Colombia,COL,2011,40.35
Comoros,COM,2011,5.5
Congo, Dem. Rep.,2011,0.72
Congo, Rep.,2011,5.0
Costa Rica,CRI,2011,39.21
Cote d'Ivoire,CIV,2011,2.9
Croatia,HRV,2011,57.79
Cuba,CUB,2011,16.02
Curacao,CUW,2011,42.74
Cyprus,CYP,2011,56.86
Czechia,CZE,2011,70.49
Denmark,DNK,2011,89.81
Djibouti,DJI,2011,7.0
Dominica,DMA,2011,48.6
Dominican Republic,DOM,2011,38.0
Early-demographic dividend,EAR,2011,15.34
East Asia & Pacific,EAS,2011,37.35
East Asia & Pacific (IDA & IBRD countries),TEA,2011,32.74
East Asia & Pacific (excluding high income),EAP,2011,32.34
Ecuador,ECU,2011,31.37
Egypt, Arab Rep.,2011,21.6
El Salvador,SLV,2011,18.9
Equatorial Guinea,GNQ,2011,11.5
Eritrea,ERI,2011,0.7
Estonia,EST,2011,76.5
Eswatini,SWZ,2011,18.13
Ethiopia,ETH,2011,1.1
Euro area,EMU,2011,71.99
Europe & Central Asia,ECS,2011,60.19
Europe & Central Asia (IDA & IBRD countries),TEC,2011,45.41
Europe & Central Asia (excluding high income),ECA,2011,43.89
European Union,EUU,2011,69.63
Faroe Islands,FRO,2011,80.73
Fiji,FJI,2011,28.0
Finland,FIN,2011,88.71
Fragile and conflict affected situations,FCS,2011,9.78
France,FRA,2011,77.82
French Polynesia,PYF,2011,49.0
Gabon,GAB,2011,18.0
Gambia, The,2011,9.2
Georgia,GEO,2011,31.52
Germany,DEU,2011,81.27
Ghana,GHA,2011,9.0
Gibraltar,GIB,2011,65.0
Greece,GRC,2011,51.65
Greenland,GRL,2011,64.0
Grenada,GRD,2011,30.0
Guam,GUM,2011,57.7
Guatemala,GTM,2011,12.3
Guinea,GIN,2011,2.0
Guinea-Bissau,GNB,2011,2.67
Guyana,GUY,2011,30.0
Haiti,HTI,2011,9.0
Heavily indebted poor countries (HIPC),HPC,2011,3.98
High income,HIC,2011,72.04
Honduras,HND,2011,15.9
Hong Kong SAR, China,2011,72.0
Hungary,HUN,2011,68.02
IBRD only,IBD,2011,28.58
IDA & IBRD total,IBT,2011,23.45
IDA blend,IDB,2011,10.53
IDA only,IDX,2011,4.73
IDA total,IDA,2011,6.77
Iceland,ISL,2011,94.82
India,IND,2011,10.07
Indonesia,IDN,2011,12.28
Iran, Islamic Rep.,2011,15.9
Iraq,IRQ,2011,5.0
Ireland,IRL,2011,74.89
Isle of Man,IMN,2011,7.4
Israel,ISR,2011,68.87
Italy,ITA,2011,54.39
Jamaica,JAM,2011,37.44
Japan,JPN,2011,79.05
Jordan,JOR,2011,34.9
Kazakhstan,KAZ,2011,50.6
Kenya,KEN,2011,8.8
Kiribati,KIR,2011,10.0
Korea, Rep.,2011,83.7
Korea, Dem. People's Rep.,2011,0.0
Kosovo,XKX,2011,11.68
Kuwait,KWT,2011,65.77
Kyrgyz Republic,KGZ,2011,17.5
Lao PDR,LAO,2011,9.0
Late-demographic dividend,LTE,2011,40.87
Latin America & Caribbean,LCN,2011,39.37
Latin America & Caribbean (excluding high income),LAC,2011,38.68
Latin America & the Caribbean (IDA & IBRD countries),TLA,2011,39.73
Latvia,LVA,2011,69.75
Least developed countries: UN classification,LDC,2011,3.77
Lebanon,LBN,2011,52.0
Lesotho,LSO,2011,7.0
Liberia,LBR,2011,2.5
Libya,LBY,2011,14.0
Liechtenstein,LIE,2011,85.0
Lithuania,LTU,2011,63.64
Low & middle income,LMY,2011,22.8
Low income,LIC,2011,3.91
Lower middle income,LMC,2011,12.74
Luxembourg,LUX,2011,90.03
Macao SAR, China,2011,55.2
Madagascar,MDG,2011,1.9
Malawi,MWI,2011,3.33
Malaysia,MYS,2011,61.0
Maldives,MDV,2011,34.0
Mali,MLI,2011,2.2
Malta,MLT,2011,68.02
Marshall Islands,MHL,2011,10.0
Mauritania,MRT,2011,4.5
Mauritius,MUS,2011,34.95
Mexico,MEX,2011,37.18
Micronesia, Fed. Sts.,2011,20.0
Middle East & North Africa,MEA,2011,27.77
Middle East & North Africa (IDA & IBRD countries),TMN,2011,22.78
Middle East & North Africa (excluding high income),MNA,2011,23.0
Middle income,MIC,2011,24.51
Moldova,MDA,2011,32.07
Monaco,MCO,2011,80.3
Mongolia,MNG,2011,12.5
Montenegro,MNE,2011,35.61
Morocco,MAR,2011,46.11
Mozambique,MOZ,2011,4.6
Myanmar,MMR,2011,0.98
Namibia,NAM,2011,12.0
Nauru,NRU,2011,54.0
Nepal,NPL,2011,9.0
Netherlands,NLD,2011,91.42
New Caledonia,NCL,2011,50.0
New Zealand,NZL,2011,81.23
Nicaragua,NIC,2011,10.6
Niger,NER,2011,0.9
Nigeria,NGA,2011,13.8
North America,NAC,2011,71.04
North Macedonia,MKD,2011,56.7
Northern Mariana Islands,MNP,2011,8.55
Norway,NOR,2011,93.49
Not classified,INX,2011,42.48
OECD members,OED,2011,67.54
Oman,OMN,2011,48.0
Other small states,OSS,2011,27.25
Pacific island small states,PSS,2011,17.64
Pakistan,PAK,2011,8.0
Palau,PLW,2011,15.5
Panama,PAN,2011,42.7
Papua New Guinea,PNG,2011,2.0
Paraguay,PRY,2011,24.76
Peru,PER,2011,36.01
Philippines,PHL,2011,29.0
Poland,POL,2011,61.95
Portugal,PRT,2011,55.25
Post-demographic dividend,PST,2011,71.4
Pre-demographic dividend,PRE,2011,6.08
Puerto Rico,PRI,2011,48.0
Qatar,QAT,2011,69.0
Romania,ROU,2011,40.01
Russian Federation,RUS,2011,58.0
Rwanda,RWA,2011,7.0
Samoa,WSM,2011,11.0
San Marino,SMR,2011,49.6
Sao Tome and Principe,STP,2011,20.16
Saudi Arabia,SAU,2011,47.5
Senegal,SEN,2011,9.8
Serbia,SRB,2011,42.2
Seychelles,SYC,2011,43.16
Sierra Leone,SLE,2011,0.9
Singapore,SGP,2011,71.0
Sint Maarten (Dutch part),SXM,2011,30.65
Slovak Republic,SVK,2011,74.44
Slovenia,SVN,2011,67.34
Small states,SST,2011,29.57
Solomon Islands,SLB,2011,6.0
Somalia,SOM,2011,1.25
South Africa,ZAF,2011,33.97
South Asia,SAS,2011,9.22
South Asia (IDA & IBRD),TSA,2011,9.22
South Sudan,SSD,2011,7.59
Spain,ESP,2011,67.09
Sri Lanka,LKA,2011,48.87
St. Kitts and Nevis,KNA,2011,63.2
St. Lucia,LCA,2011,34.0
St. Martin (French part),MAF,2011,50.65
St. Vincent and the Grenadines,VCT,2011,36.7
Sub-Saharan Africa,SSF,2011,7.6
Sub-Saharan Africa (IDA & IBRD countries),TSS,2011,7.6
Sub-Saharan Africa (excluding high income),SSA,2011,7.59
Sudan,SDN,2011,28.65
Suriname,SUR,2011,32.0
Sweden,SWE,2011,92.77
Switzerland,CHE,2011,85.19
Syrian Arab Republic,SYR,2011,22.5
Tajikistan,TJK,2011,13.03
Tanzania,TZA,2011,3.2
Thailand,THA,2011,23.67
Timor-Leste,TLS,2011,4.0
Togo,TGO,2011,3.5
Tonga,TON,2011,25.0
Trinidad and Tobago,TTO,2011,55.2
Tunisia,TUN,2011,39.1
Turkiye,TUR,2011,43.07
Turkmenistan,TKM,2011,5.0
Turks and Caicos Islands,TCA,2011,12.2
Tuvalu,TUV,2011,16.5
Uganda,UGA,2011,4.6
Ukraine,UKR,2011,28.71
United Arab Emirates,ARE,2011,78.0
United Kingdom,GBR,2011,85.38
United States,USA,2011,69.73
Upper middle income,UMC,2011,36.75
Uruguay,URY,2011,51.4
Uzbekistan,UZB,2011,18.6
Vanuatu,VUT,2011,9.2
Venezuela, RB,2011,37.37
Vietnam,VNM,2011,35.07
Virgin Islands (U.S.),VIR,2011,35.6
West Bank and Gaza,PSE,2011,41.08
World,WLD,2011,31.21
Yemen, Rep.,2011,12.35
Zambia,ZMB,2011,3.5
Zimbabwe,ZWE,2011,8.4
Afghanistan,AFG,2012,5.45
Africa Eastern and Southern,AFE,2012,8.53
Africa Western and Central,AFW,2012,10.29
Albania,ALB,2012,49.4
Algeria,DZA,2012,18.2
American Samoa,ASM,2012,47.75
Andorra,AND,2012,82.7
Angola,AGO,2012,7.7
Antigua and Barbuda,ATG,2012,58.0
Arab World,ARB,2012,30.8
Argentina,ARG,2012,55.8
Armenia,ARM,2012,37.5
Aruba,ABW,2012,74.0
Australia,AUS,2012,79.0
Austria,AUT,2012,80.03
Azerbaijan,AZE,2012,54.2
Bahamas, The,2012,65.0
Bahrain,BHR,2012,88.0
Bangladesh,BGD,2012,5.0
Barbados,BRB,2012,71.2
Belarus,BLR,2012,46.91
Belgium,BEL,2012,80.72
Belize,BLZ,2012,31.0
Benin,BEN,2012,4.5
Bermuda,BMU,2012,91.3
Bhutan,BTN,2012,15.6
Bolivia,BOL,2012,35.34
Bosnia and Herzegovina,BIH,2012,45.06
Botswana,BWA,2012,16.0
Brazil,BRA,2012,48.56
British Virgin Islands,VGB,2012,37.6
Brunei Darussalam,BRN,2012,60.27
Bulgaria,BGR,2012,51.9
Burkina Faso,BFA,2012,3.73
Burundi,BDI,2012,1.22
Cabo Verde,CPV,2012,34.74
Cambodia,KHM,2012,4.94
Cameroon,CMR,2012,7.5
Canada,CAN,2012,83.0
Caribbean small states,CSS,2012,42.69
Cayman Islands,CYM,2012,69.7
Central African Republic,CAF,2012,2.4
Central Europe and the Baltics,CEB,2012,61.71
Chad,TCD,2012,2.1
Channel Islands,CHI,2012,70.12
Chile,CHL,2012,55.05
China,CHN,2012,42.3
Colombia,COL,2012,48.98
Comoros,COM,2012,5.98
Congo, Dem. Rep.,2012,1.2
Congo, Rep.,2012,5.6
Costa Rica,CRI,2012,47.5
Cote d'Ivoire,CIV,2012,4.4
Croatia,HRV,2012,61.94
Cuba,CUB,2012,21.2
Curacao,CUW,2012,45.45
Cyprus,CYP,2012,60.69
Czechia,CZE,2012,73.43
Denmark,DNK,2012,92.26
Djibouti,DJI,2012,9.4
Dominica,DMA,2012,49.8
Dominican Republic,DOM,2012,42.32
Early-demographic dividend,EAR,2012,17.07
East Asia & Pacific,EAS,2012,40.4
East Asia & Pacific (IDA & IBRD countries),TEA,2012,36.14
East Asia & Pacific (excluding high income),EAP,2012,35.69
Ecuador,ECU,2012,35.14
Egypt, Arab Rep.,2012,25.6
El Salvador,SLV,2012,20.32
Equatorial Guinea,GNQ,2012,13.94
Eritrea,ERI,2012,0.8
Estonia,EST,2012,78.39
Eswatini,SWZ,2012,20.78
Ethiopia,ETH,2012,2.9
Euro area,EMU,2012,74.1
Europe & Central Asia,ECS,2012,63.87
Europe & Central Asia (IDA & IBRD countries),TEC,2012,50.72
Europe & Central Asia (excluding high income),ECA,2012,49.68
European Union,EUU,2012,71.83
Faroe Islands,FRO,2012,85.34
Fiji,FJI,2012,33.74
Finland,FIN,2012,89.88
Fragile and conflict affected situations,FCS,2012,11.79
France,FRA,2012,81.44
French Polynesia,PYF,2012,52.88
Gabon,GAB,2012,24.0
Gambia, The,2012,10.87
Georgia,GEO,2012,36.94
Germany,DEU,2012,82.35
Ghana,GHA,2012,10.6
Gibraltar,GIB,2012,65.02
Greece,GRC,2012,55.07
Greenland,GRL,2012,64.9
Grenada,GRD,2012,32.0
Guam,GUM,2012,61.53
Guatemala,GTM,2012,16.0
Guinea,GIN,2012,3.1
Guinea-Bissau,GNB,2012,2.89
Guyana,GUY,2012,30.5
Haiti,HTI,2012,9.8
Heavily indebted poor countries (HIPC),HPC,2012,4.97
High income,HIC,2012,74.8
Honduras,HND,2012,18.12
Hong Kong SAR, China,2012,72.2
Hungary,HUN,2012,70.58
IBRD only,IBD,2012,31.57
IDA & IBRD total,IBT,2012,25.96
IDA blend,IDB,2012,12.07
IDA only,IDX,2012,5.65
IDA total,IDA,2012,7.9
Iceland,ISL,2012,96.21
India,IND,2012,11.1
Indonesia,IDN,2012,14.52
Iran, Islamic Rep.,2012,19.0
Iraq,IRQ,2012,7.1
Ireland,IRL,2012,76.92
Isle of Man,IMN,2012,8.37
Israel,ISR,2012,70.8
Italy,ITA,2012,55.83
Jamaica,JAM,2012,33.79
Japan,JPN,2012,79.5
Jordan,JOR,2012,37.0
Kazakhstan,KAZ,2012,61.91
Kenya,KEN,2012,10.5
Kiribati,KIR,2012,10.75
Korea, Rep.,2012,83.76
Korea, Dem. People's Rep.,2012,0.0
Kosovo,XKX,2012,13.91
Kuwait,KWT,2012,70.45
Kyrgyz Republic,KGZ,2012,19.8
Lao PDR,LAO,2012,10.75
Late-demographic dividend,LTE,2012,45.09
Latin America & Caribbean,LCN,2012,43.2
Latin America & Caribbean (excluding high income),LAC,2012,42.21
Latin America & the Caribbean (IDA & IBRD countries),TLA,2012,43.42
Latvia,LVA,2012,73.12
Least developed countries: UN classification,LDC,2012,4.67
Lebanon,LBN,2012,61.25
Lesotho,LSO,2012,10.0
Liberia,LBR,2012,2.6
Libya,LBY,2012,15.2
Liechtenstein,LIE,2012,89.41
Lithuania,LTU,2012,67.23
Low & middle income,LMY,2012,25.28
Low income,LIC,2012,4.75
Lower middle income,LMC,2012,14.24
Luxembourg,LUX,2012,91.95
Macao SAR, China,2012,60.2
Madagascar,MDG,2012,2.3
Malawi,MWI,2012,4.35
Malaysia,MYS,2012,65.8
Maldives,MDV,2012,38.93
Mali,MLI,2012,2.8
Malta,MLT,2012,68.2
Marshall Islands,MHL,2012,12.5
Mauritania,MRT,2012,5.0
Mauritius,MUS,2012,35.42
Mexico,MEX,2012,39.75
Micronesia, Fed. Sts.,2012,22.8
Middle East & North Africa,MEA,2012,31.21
Middle East & North Africa (IDA & IBRD countries),TMN,2012,25.78
Middle East & North Africa (excluding high income),MNA,2012,25.99
Middle income,MIC,2012,27.17
Moldova,MDA,2012,34.65
Monaco,MCO,2012,87.0
Mongolia,MNG,2012,16.4
Montenegro,MNE,2012,56.84
Morocco,MAR,2012,55.42
Mozambique,MOZ,2012,5.0
Myanmar,MMR,2012,1.4
Namibia,NAM,2012,12.94
Nauru,NRU,2012,46.4
Nepal,NPL,2012,11.15
Netherlands,NLD,2012,92.86
New Caledonia,NCL,2012,58.0
New Zealand,NZL,2012,81.64
Nicaragua,NIC,2012,13.5
Niger,NER,2012,1.05
Nigeria,NGA,2012,16.1
North America,NAC,2012,75.52
North Macedonia,MKD,2012,57.45
Northern Mariana Islands,MNP,2012,10.7
Norway,NOR,2012,94.65
Not classified,INX,2012,44.01
OECD members,OED,2012,70.19
Oman,OMN,2012,60.0
Other small states,OSS,2012,30.51
Pacific island small states,PSS,2012,20.69
Pakistan,PAK,2012,8.1
Palau,PLW,2012,17.15
Panama,PAN,2012,40.3
Papua New Guinea,PNG,2012,3.5
Paraguay,PRY,2012,29.34
Peru,PER,2012,38.2
Philippines,PHL,2012,30.8
Poland,POL,2012,62.31
Portugal,PRT,2012,60.34
Post-demographic dividend,PST,2012,74.21
Pre-demographic dividend,PRE,2012,7.32
Puerto Rico,PRI,2012,69.0
Qatar,QAT,2012,69.3
Romania,ROU,2012,45.88
Russian Federation,RUS,2012,66.0
Rwanda,RWA,2012,8.02
Samoa,WSM,2012,12.92
San Marino,SMR,2012,10.85
Sao Tome and Principe,STP,2012,21.57
Saudi Arabia,SAU,2012,54.0
Senegal,SEN,2012,10.8
Serbia,SRB,2012,48.1
Seychelles,SYC,2012,47.08
Sierra Leone,SLE,2012,2.5
Singapore,SGP,2012,72.0
Sint Maarten (Dutch part),SXM,2012,33.93
Slovak Republic,SVK,2012,76.71
Slovenia,SVN,2012,68.35
Small states,SST,2012,32.24
Solomon Islands,SLB,2012,7.0
Somalia,SOM,2012,1.38
South Africa,ZAF,2012,41.0
South Asia,SAS,2012,10.1
South Asia (IDA & IBRD),TSA,2012,10.1
South Sudan,SSD,2012,9.28
Spain,ESP,2012,69.81
Sri Lanka,LKA,2012,51.82
St. Kitts and Nevis,KNA,2012,64.0
St. Lucia,LCA,2012,45.86
St. Martin (French part),MAF,2012,57.81
St. Vincent and the Grenadines,VCT,2012,40.0
Sub-Saharan Africa,SSF,2012,9.28
Sub-Saharan Africa (IDA & IBRD countries),TSS,2012,9.28
Sub-Saharan Africa (excluding high income),SSA,2012,9.28
Sudan,SDN,2012,32.4
Suriname,SUR,2012,34.68
Sweden,SWE,2012,93.18
Switzerland,CHE,2012,85.2
Syrian Arab Republic,SYR,2012,24.3
Tajikistan,TJK,2012,14.51
Tanzania,TZA,2012,3.95
Thailand,THA,2012,26.46
Timor-Leste,TLS,2012,7.0
Togo,TGO,2012,4.0
Tonga,TON,2012,30.0
Trinidad and Tobago,TTO,2012,57.5
Tunisia,TUN,2012,41.44
Turkiye,TUR,2012,45.13
Turkmenistan,TKM,2012,7.2
Turks and Caicos Islands,TCA,2012,13.2
Tuvalu,TUV,2012,18.7
Uganda,UGA,2012,4.8
Ukraine,UKR,2012,35.27
United Arab Emirates,ARE,2012,85.0
United Kingdom,GBR,2012,87.48
United States,USA,2012,74.7
Upper middle income,UMC,2012,40.71
Uruguay,URY,2012,54.45
Uzbekistan,UZB,2012,23.6
Vanuatu,VUT,2012,10.6
Venezuela, RB,2012,40.22
Vietnam,VNM,2012,36.8
Virgin Islands (U.S.),VIR,2012,40.55
West Bank and Gaza,PSE,2012,43.4
World,WLD,2012,33.71
Yemen, Rep.,2012,14.9
Zambia,ZMB,2012,4.1
Zimbabwe,ZWE,2012,12.0
Afghanistan,AFG,2013,5.9
Africa Eastern and Southern,AFE,2013,10.13
Africa Western and Central,AFW,2013,12.58
Albania,ALB,2013,51.8
Algeria,DZA,2013,22.5
American Samoa,ASM,2013,52.65
Andorra,AND,2013,84.4
Angola,AGO,2013,13.0
Antigua and Barbuda,ATG,2013,63.4
Arab World,ARB,2013,33.91
Argentina,ARG,2013,59.9
Armenia,ARM,2013,41.9
Aruba,ABW,2013,78.9
Australia,AUS,2013,83.45
Austria,AUT,2013,80.62
Azerbaijan,AZE,2013,73.0
Bahamas, The,2013,71.75
Bahrain,BHR,2013,90.0
Bangladesh,BGD,2013,6.63
Barbados,BRB,2013,71.8
Belarus,BLR,2013,54.17
Belgium,BEL,2013,82.17
Belize,BLZ,2013,33.6
Benin,BEN,2013,4.9
Bermuda,BMU,2013,95.3
Bhutan,BTN,2013,22.4
Bolivia,BOL,2013,36.99
Bosnia and Herzegovina,BIH,2013,48.52
Botswana,BWA,2013,30.0
Brazil,BRA,2013,51.04
British Virgin Islands,VGB,2013,47.18
Brunei Darussalam,BRN,2013,64.5
Bulgaria,BGR,2013,53.06
Burkina Faso,BFA,2013,5.0
Burundi,BDI,2013,1.26
Cabo Verde,CPV,2013,37.5
Cambodia,KHM,2013,6.0
Cameroon,CMR,2013,10.0
Canada,CAN,2013,85.8
Caribbean small states,CSS,2013,45.16
Cayman Islands,CYM,2013,71.4
Central African Republic,CAF,2013,2.5
Central Europe and the Baltics,CEB,2013,63.45
Chad,TCD,2013,2.5
Channel Islands,CHI,2013,72.17
Chile,CHL,2013,58.0
China,CHN,2013,45.8
Colombia,COL,2013,51.7
Comoros,COM,2013,6.5
Congo, Dem. Rep.,2013,1.68
Congo, Rep.,2013,6.11
Costa Rica,CRI,2013,45.96
Cote d'Ivoire,CIV,2013,6.6
Croatia,HRV,2013,66.75
Cuba,CUB,2013,27.93
Curacao,CUW,2013,49.67
Cyprus,CYP,2013,65.45
Czechia,CZE,2013,74.11
Denmark,DNK,2013,94.63
Djibouti,DJI,2013,12.7
Dominica,DMA,2013,51.0
Dominican Republic,DOM,2013,45.9
Early-demographic dividend,EAR,2013,18.96
East Asia & Pacific,EAS,2013,43.26
East Asia & Pacific (IDA & IBRD countries),TEA,2013,38.73
East Asia & Pacific (excluding high income),EAP,2013,38.26
Ecuador,ECU,2013,40.28
Egypt, Arab Rep.,2013,26.4
El Salvador,SLV,2013,23.11
Equatorial Guinea,GNQ,2013,16.4
Eritrea,ERI,2013,0.9
Estonia,EST,2013,80.0
Eswatini,SWZ,2013,24.7
Ethiopia,ETH,2013,4.6
Euro area,EMU,2013,75.84
Europe & Central Asia,ECS,2013,66.18
Europe & Central Asia (IDA & IBRD countries),TEC,2013,53.56
Europe & Central Asia (excluding high income),ECA,2013,52.68
European Union,EUU,2013,73.59
Faroe Islands,FRO,2013,90.0
Fiji,FJI,2013,35.2
Finland,FIN,2013,91.51
Fragile and conflict affected situations,FCS,2013,13.63
France,FRA,2013,81.92
French Polynesia,PYF,2013,56.8
Gabon,GAB,2013,30.54
Gambia, The,2013,12.45
Georgia,GEO,2013,43.3
Germany,DEU,2013,84.17
Ghana,GHA,2013,15.0
Gibraltar,GIB,2013,9.75
Greece,GRC,2013,59.87
Greenland,GRL,2013,65.8
Grenada,GRD,2013,35.0
Guam,GUM,2013,65.4
Guatemala,GTM,2013,19.7
Guinea,GIN,2013,4.5
Guinea-Bissau,GNB,2013,3.1
Guyana,GUY,2013,31.0
Haiti,HTI,2013,10.6
Heavily indebted poor countries (HIPC),HPC,2013,6.02
High income,HIC,2013,76.2
Honduras,HND,2013,17.8
Hong Kong SAR, China,2013,72.9
Hungary,HUN,2013,72.64
IBRD only,IBD,2013,34.01
IDA & IBRD total,IBT,2013,28.07
IDA blend,IDB,2013,14.14
IDA only,IDX,2013,6.77
IDA total,IDA,2013,9.34
Iceland,ISL,2013,96.55
India,IND,2013,12.3
Indonesia,IDN,2013,14.94
Iran, Islamic Rep.,2013,22.73
Iraq,IRQ,2013,9.2
Ireland,IRL,2013,78.25
Isle of Man,IMN,2013,9.54
Israel,ISR,2013,70.25
Italy,ITA,2013,58.46
Jamaica,JAM,2013,37.1
Japan,JPN,2013,88.22
Jordan,JOR,2013,41.4
Kazakhstan,KAZ,2013,63.3
Kenya,KEN,2013,13.0
Kiribati,KIR,2013,11.5
Korea, Rep.,2013,84.07
Korea, Dem. People's Rep.,2013,0.0
Kosovo,XKX,2013,16.37
Kuwait,KWT,2013,75.46
Kyrgyz Republic,KGZ,2013,23.0
Lao PDR,LAO,2013,12.5
Late-demographic dividend,LTE,2013,48.03
Latin America & Caribbean,LCN,2013,46.26
Latin America & Caribbean (excluding high income),LAC,2013,45.15
Latin America & the Caribbean (IDA & IBRD countries),TLA,2013,46.44
Latvia,LVA,2013,75.23
Least developed countries: UN classification,LDC,2013,5.81
Lebanon,LBN,2013,70.5
Lesotho,LSO,2013,15.0
Liberia,LBR,2013,3.2
Libya,LBY,2013,16.5
Liechtenstein,LIE,2013,93.8
Lithuania,LTU,2013,68.45
Low & middle income,LMY,2013,27.38
Low income,LIC,2013,5.5
Lower middle income,LMC,2013,16.1
Luxembourg,LUX,2013,93.78
Macao SAR, China,2013,61.31
Madagascar,MDG,2013,3.0
Malawi,MWI,2013,5.05
Malaysia,MYS,2013,57.06
Maldives,MDV,2013,44.1
Mali,MLI,2013,3.5
Malta,MLT,2013,68.91
Marshall Islands,MHL,2013,14.0
Mauritania,MRT,2013,6.2
Mauritius,MUS,2013,40.12
Mexico,MEX,2013,43.46
Micronesia, Fed. Sts.,2013,25.97
Middle East & North Africa,MEA,2013,35.15
Middle East & North Africa (IDA & IBRD countries),TMN,2013,29.49
Middle East & North Africa (excluding high income),MNA,2013,29.7
Middle income,MIC,2013,29.47
Moldova,MDA,2013,37.44
Monaco,MCO,2013,90.7
Mongolia,MNG,2013,17.7
Montenegro,MNE,2013,60.31
Morocco,MAR,2013,56.0
Mozambique,MOZ,2013,5.5
Myanmar,MMR,2013,1.8
Namibia,NAM,2013,13.9
Nauru,NRU,2013,48.04
Nepal,NPL,2013,13.3
Netherlands,NLD,2013,93.96
New Caledonia,NCL,2013,66.0
New Zealand,NZL,2013,82.78
Nicaragua,NIC,2013,15.5
Niger,NER,2013,1.15
Nigeria,NGA,2013,19.1
North America,NAC,2013,72.83
North Macedonia,MKD,2013,65.24
Northern Mariana Islands,MNP,2013,11.6
Norway,NOR,2013,95.05
Not classified,INX,2013,45.27
OECD members,OED,2013,71.53
Oman,OMN,2013,66.45
Other small states,OSS,2013,35.4
Pacific island small states,PSS,2013,21.96
Pakistan,PAK,2013,9.0
Palau,PLW,2013,18.9
Panama,PAN,2013,44.03
Papua New Guinea,PNG,2013,5.1
Paraguay,PRY,2013,36.9
Peru,PER,2013,39.2
Philippines,PHL,2013,32.7
Poland,POL,2013,62.85
Portugal,PRT,2013,62.1
Post-demographic dividend,PST,2013,75.7
Pre-demographic dividend,PRE,2013,8.82
Puerto Rico,PRI,2013,69.0
Qatar,QAT,2013,85.3
Romania,ROU,2013,49.76
Russian Federation,RUS,2013,67.97
Rwanda,RWA,2013,9.0
Samoa,WSM,2013,15.3
San Marino,SMR,2013,12.3
Sao Tome and Principe,STP,2013,23.0
Saudi Arabia,SAU,2013,60.5
Senegal,SEN,2013,13.1
Serbia,SRB,2013,53.45
Seychelles,SYC,2013,50.4
Sierra Leone,SLE,2013,4.0
Singapore,SGP,2013,80.9
Sint Maarten (Dutch part),SXM,2013,37.55
Slovak Republic,SVK,2013,77.88
Slovenia,SVN,2013,72.68
Small states,SST,2013,36.42
Solomon Islands,SLB,2013,8.0
Somalia,SOM,2013,1.5
South Africa,ZAF,2013,46.5
South Asia,SAS,2013,11.3
South Asia (IDA & IBRD),TSA,2013,11.3
South Sudan,SSD,2013,2.2
Spain,ESP,2013,71.64
Sri Lanka,LKA,2013,54.95
St. Kitts and Nevis,KNA,2013,64.6
St. Lucia,LCA,2013,49.4
St. Martin (French part),MAF,2013,58.66
St. Vincent and the Grenadines,VCT,2013,43.5
Sub-Saharan Africa,SSF,2013,11.16
Sub-Saharan Africa (IDA & IBRD countries),TSS,2013,11.16
Sub-Saharan Africa (excluding high income),SSA,2013,11.16
Sudan,SDN,2013,36.8
Suriname,SUR,2013,37.4
Sweden,SWE,2013,94.78
Switzerland,CHE,2013,86.34
Syrian Arab Republic,SYR,2013,26.2
Tajikistan,TJK,2013,16.0
Tanzania,TZA,2013,4.4
Thailand,THA,2013,28.94
Timor-Leste,TLS,2013,11.0
Togo,TGO,2013,4.5
Tonga,TON,2013,32.75
Trinidad and Tobago,TTO,2013,59.9
Tunisia,TUN,2013,43.8
Turkiye,TUR,2013,46.25
Turkmenistan,TKM,2013,9.6
Turks and Caicos Islands,TCA,2013,14.35
Tuvalu,TUV,2013,21.2
Uganda,UGA,2013,5.1
Ukraine,UKR,2013,40.95
United Arab Emirates,ARE,2013,88.0
United Kingdom,GBR,2013,89.84
United States,USA,2013,71.4
Upper middle income,UMC,2013,43.56
Uruguay,URY,2013,57.69
Uzbekistan,UZB,2013,26.8
Vanuatu,VUT,2013,11.3
Venezuela, RB,2013,49.05
Vietnam,VNM,2013,38.5
Virgin Islands (U.S.),VIR,2013,45.3
West Bank and Gaza,PSE,2013,46.6
World,WLD,2013,35.65
Yemen, Rep.,2013,17.45
Zambia,ZMB,2013,4.8
Zimbabwe,ZWE,2013,15.5
Afghanistan,AFG,2014,7.0
Africa Eastern and Southern,AFE,2014,12.24
Africa Western and Central,AFW,2014,14.92
Albania,ALB,2014,54.3
Algeria,DZA,2014,29.5
American Samoa,ASM,2014,61.2
Andorra,AND,2014,86.1
Angola,AGO,2014,21.4
Antigua and Barbuda,ATG,2014,67.78
Arab World,ARB,2014,37.66
Argentina,ARG,2014,64.7
Armenia,ARM,2014,54.62
Aruba,ABW,2014,83.78
Australia,AUS,2014,84.0
Austria,AUT,2014,81.0
Azerbaijan,AZE,2014,75.0
Bahamas, The,2014,72.0
Bahrain,BHR,2014,90.5
Bangladesh,BGD,2014,11.9
Barbados,BRB,2014,75.16
Belarus,BLR,2014,59.02
Belgium,BEL,2014,85.0
Belize,BLZ,2014,38.7
Benin,BEN,2014,6.0
Bermuda,BMU,2014,96.8
Bhutan,BTN,2014,30.3
Bolivia,BOL,2014,34.6
Bosnia and Herzegovina,BIH,2014,49.92
Botswana,BWA,2014,36.74
Brazil,BRA,2014,54.55
British Virgin Islands,VGB,2014,52.48
Brunei Darussalam,BRN,2014,68.77
Bulgaria,BGR,2014,55.49
Burkina Faso,BFA,2014,6.0
Burundi,BDI,2014,1.4
Cabo Verde,CPV,2014,40.26
Cambodia,KHM,2014,14.0
Cameroon,CMR,2014,16.21
Canada,CAN,2014,87.12
Caribbean small states,CSS,2014,48.47
Cayman Islands,CYM,2014,74.1
Central African Republic,CAF,2014,2.7
Central Europe and the Baltics,CEB,2014,66.48
Chad,TCD,2014,2.9
Channel Islands,CHI,2014,74.26
Chile,CHL,2014,61.11
China,CHN,2014,47.9
Colombia,COL,2014,52.57
Comoros,COM,2014,6.98
Congo, Dem. Rep.,2014,2.2
Congo, Rep.,2014,6.6
Costa Rica,CRI,2014,53.0
Cote d'Ivoire,CIV,2014,10.0
Croatia,HRV,2014,68.57
Cuba,CUB,2014,29.07
Curacao,CUW,2014,51.59
Cyprus,CYP,2014,69.33
Czechia,CZE,2014,74.23
Denmark,DNK,2014,95.99
Djibouti,DJI,2014,17.0
Dominica,DMA,2014,57.5
Dominican Republic,DOM,2014,49.58
Early-demographic dividend,EAR,2014,21.43
East Asia & Pacific,EAS,2014,46.06
East Asia & Pacific (IDA & IBRD countries),TEA,2014,41.17
East Asia & Pacific (excluding high income),EAP,2014,41.17
Ecuador,ECU,2014,45.59
Egypt, Arab Rep.,2014,29.4
El Salvador,SLV,2014,24.76
Equatorial Guinea,GNQ,2014,18.86
Eritrea,ERI,2014,0.99
Estonia,EST,2014,84.24
Eswatini,SWZ,2014,25.0
Ethiopia,ETH,2014,7.7
Euro area,EMU,2014,77.09
Europe & Central Asia,ECS,2014,68.83
Europe & Central Asia (IDA & IBRD countries),TEC,2014,57.56
Europe & Central Asia (excluding high income),ECA,2014,56.71
European Union,EUU,2014,75.17
Faroe Islands,FRO,2014,93.3
Fiji,FJI,2014,37.4
Finland,FIN,2014,86.53
Fragile and conflict affected situations,FCS,2014,15.83
France,FRA,2014,83.75
French Polynesia,PYF,2014,60.68
Gabon,GAB,2014,38.07
Gambia, The,2014,14.0
Georgia,GEO,2014,44.0
Germany,DEU,2014,86.19
Ghana,GHA,2014,19.0
Gibraltar,GIB,2014,12.7
Greece,GRC,2014,63.21
Greenland,GRL,2014,66.7
Grenada,GRD,2014,51.6
Guam,GUM,2014,69.27
Guatemala,GTM,2014,23.4
Guinea,GIN,2014,6.4
Guinea-Bissau,GNB,2014,3.32
Guyana,GUY,2014,32.0
Haiti,HTI,2014,11.4
Heavily indebted poor countries (HIPC),HPC,2014,7.89
High income,HIC,2014,77.9
Honduras,HND,2014,23.0
Hong Kong SAR, China,2014,74.2
Hungary,HUN,2014,75.65
IBRD only,IBD,2014,36.38
IDA & IBRD total,IBT,2014,30.36
IDA blend,IDB,2014,16.39
IDA only,IDX,2014,9.47
IDA total,IDA,2014,11.84
Iceland,ISL,2014,98.16
India,IND,2014,13.5
Indonesia,IDN,2014,17.14
Iran, Islamic Rep.,2014,29.95
Iraq,IRQ,2014,13.21
Ireland,IRL,2014,83.49
Isle of Man,IMN,2014,11.48
Israel,ISR,2014,75.02
Italy,ITA,2014,55.64
Jamaica,JAM,2014,40.4
Japan,JPN,2014,89.11
Jordan,JOR,2014,46.2
Kazakhstan,KAZ,2014,66.0
Kenya,KEN,2014,16.5
Kiribati,KIR,2014,12.25
Korea, Rep.,2014,84.77
Korea, Dem. People's Rep.,2014,0.0
Kosovo,XKX,2014,20.6
Kuwait,KWT,2014,78.7
Kyrgyz Republic,KGZ,2014,28.3
Lao PDR,LAO,2014,14.26
Late-demographic dividend,LTE,2014,50.75
Latin America & Caribbean,LCN,2014,48.81
Latin America & Caribbean (excluding high income),LAC,2014,47.73
Latin America & the Caribbean (IDA & IBRD countries),TLA,2014,49.02
Latvia,LVA,2014,75.83
Least developed countries: UN classification,LDC,2014,8.64
Lebanon,LBN,2014,73.0
Lesotho,LSO,2014,22.0
Liberia,LBR,2014,5.41
Libya,LBY,2014,17.76
Liechtenstein,LIE,2014,95.21
Lithuania,LTU,2014,72.13
Low & middle income,LMY,2014,29.78
Low income,LIC,2014,7.12
Lower middle income,LMC,2014,18.52
Luxembourg,LUX,2014,94.67
Macao SAR, China,2014,65.8
Madagascar,MDG,2014,3.7
Malawi,MWI,2014,5.83
Malaysia,MYS,2014,63.67
Maldives,MDV,2014,49.28
Mali,MLI,2014,7.0
Malta,MLT,2014,73.17
Marshall Islands,MHL,2014,16.8
Mauritania,MRT,2014,11.8
Mauritius,MUS,2014,44.8
Mexico,MEX,2014,44.39
Micronesia, Fed. Sts.,2014,27.8
Middle East & North Africa,MEA,2014,40.08
Middle East & North Africa (IDA & IBRD countries),TMN,2014,34.53
Middle East & North Africa (excluding high income),MNA,2014,34.76
Middle income,MIC,2014,31.85
Moldova,MDA,2014,40.5
Monaco,MCO,2014,92.4
Mongolia,MNG,2014,19.94
Montenegro,MNE,2014,61.0
Morocco,MAR,2014,56.8
Mozambique,MOZ,2014,6.0
Myanmar,MMR,2014,7.4
Namibia,NAM,2014,14.84
Nauru,NRU,2014,49.72
Nepal,NPL,2014,15.44
Netherlands,NLD,2014,91.67
New Caledonia,NCL,2014,70.0
New Zealand,NZL,2014,84.0
Nicaragua,NIC,2014,17.6
Niger,NER,2014,1.25
Nigeria,NGA,2014,21.0
North America,NAC,2014,74.4
North Macedonia,MKD,2014,68.06
Northern Mariana Islands,MNP,2014,12.97
Norway,NOR,2014,96.3
Not classified,INX,2014,48.5
OECD members,OED,2014,73.14
Oman,OMN,2014,70.22
Other small states,OSS,2014,39.42
Pacific island small states,PSS,2014,24.64
Pakistan,PAK,2014,10.0
Palau,PLW,2014,20.6
Panama,PAN,2014,44.92
Papua New Guinea,PNG,2014,6.5
Paraguay,PRY,2014,43.0
Peru,PER,2014,40.2
Philippines,PHL,2014,34.7
Poland,POL,2014,66.6
Portugal,PRT,2014,64.59
Post-demographic dividend,PST,2014,77.37
Pre-demographic dividend,PRE,2014,10.91
Puerto Rico,PRI,2014,69.0
Qatar,QAT,2014,91.49
Romania,ROU,2014,54.08
Russian Federation,RUS,2014,70.52
Rwanda,RWA,2014,10.6
Samoa,WSM,2014,21.2
San Marino,SMR,2014,13.2
Sao Tome and Principe,STP,2014,24.41
Saudi Arabia,SAU,2014,64.71
Senegal,SEN,2014,17.7
Serbia,SRB,2014,62.08
Seychelles,SYC,2014,51.25
Sierra Leone,SLE,2014,6.06
Singapore,SGP,2014,82.1
Sint Maarten (Dutch part),SXM,2014,38.13
Slovak Republic,SVK,2014,79.98
Slovenia,SVN,2014,71.59
Small states,SST,2014,40.2
Solomon Islands,SLB,2014,9.0
Somalia,SOM,2014,1.63
South Africa,ZAF,2014,49.0
South Asia,SAS,2014,12.83
South Asia (IDA & IBRD),TSA,2014,12.83
South Sudan,SSD,2014,2.6
Spain,ESP,2014,76.19
Sri Lanka,LKA,2014,10.5
St. Kitts and Nevis,KNA,2014,68.0
St. Lucia,LCA,2014,53.2
St. Martin (French part),MAF,2014,61.3
St. Vincent and the Grenadines,VCT,2014,47.4
Sub-Saharan Africa,SSF,2014,13.37
Sub-Saharan Africa (IDA & IBRD countries),TSS,2014,13.37
Sub-Saharan Africa (excluding high income),SSA,2014,13.37
Sudan,SDN,2014,41.21
Suriname,SUR,2014,40.08
Sweden,SWE,2014,92.52
Switzerland,CHE,2014,87.4
Syrian Arab Republic,SYR,2014,28.09
Tajikistan,TJK,2014,17.49
Tanzania,TZA,2014,7.0
Thailand,THA,2014,34.89
Timor-Leste,TLS,2014,17.5
Togo,TGO,2014,5.7
Tonga,TON,2014,35.95
Trinidad and Tobago,TTO,2014,62.4
Tunisia,TUN,2014,46.16
Turkiye,TUR,2014,51.04
Turkmenistan,TKM,2014,12.2
Turks and Caicos Islands,TCA,2014,15.5
Tuvalu,TUV,2014,24.1
Uganda,UGA,2014,5.4
Ukraine,UKR,2014,46.24
United Arab Emirates,ARE,2014,90.4
United Kingdom,GBR,2014,91.61
United States,USA,2014,73.0
Upper middle income,UMC,2014,46.11
Uruguay,URY,2014,61.46
Uzbekistan,UZB,2014,35.5
Vanuatu,VUT,2014,18.8
Venezuela, RB,2014,54.9
Vietnam,VNM,2014,41.0
Virgin Islands (U.S.),VIR,2014,50.07
West Bank and Gaza,PSE,2014,53.67
World,WLD,2014,37.88
Yemen, Rep.,2014,20.0
Zambia,ZMB,2014,6.5
Zimbabwe,ZWE,2014,16.36
Afghanistan,AFG,2015,8.26
Africa Eastern and Southern,AFE,2015,14.49
Africa Western and Central,AFW,2015,18.11
Albania,ALB,2015,56.9
Algeria,DZA,2015,38.2
American Samoa,ASM,2015,64.55
Andorra,AND,2015,87.9
Angola,AGO,2015,22.0
Antigua and Barbuda,ATG,2015,70.0
Arab World,ARB,2015,41.38
Argentina,ARG,2015,68.04
Armenia,ARM,2015,59.1
Aruba,ABW,2015,88.66
Australia,AUS,2015,84.56
Austria,AUT,2015,83.94
Azerbaijan,AZE,2015,77.0
Bahamas, The,2015,76.92
Bahrain,BHR,2015,93.48
Bangladesh,BGD,2015,12.9
Barbados,BRB,2015,76.11
Belarus,BLR,2015,62.23
Belgium,BEL,2015,85.05
Belize,BLZ,2015,41.59
Benin,BEN,2015,11.25
Bermuda,BMU,2015,98.32
Bhutan,BTN,2015,39.8
Bolivia,BOL,2015,37.49
Bosnia and Herzegovina,BIH,2015,52.6
Botswana,BWA,2015,37.31
Brazil,BRA,2015,58.33
British Virgin Islands,VGB,2015,55.92
Brunei Darussalam,BRN,2015,71.2
Bulgaria,BGR,2015,56.66
Burkina Faso,BFA,2015,6.55
Burundi,BDI,2015,2.0
Cabo Verde,CPV,2015,42.68
Cambodia,KHM,2015,18.0
Cameroon,CMR,2015,18.3
Canada,CAN,2015,90.0
Caribbean small states,CSS,2015,50.68
Cayman Islands,CYM,2015,77.0
Central African Republic,CAF,2015,2.9
Central Europe and the Baltics,CEB,2015,67.34
Chad,TCD,2015,3.5
Channel Islands,CHI,2015,82.05
Chile,CHL,2015,76.63
China,CHN,2015,50.3
Colombia,COL,2015,55.9
Comoros,COM,2015,7.46
Congo, Dem. Rep.,2015,3.0
Congo, Rep.,2015,7.11
Costa Rica,CRI,2015,59.76
Cote d'Ivoire,CIV,2015,16.7
Croatia,HRV,2015,69.85
Cuba,CUB,2015,37.31
Curacao,CUW,2015,57.15
Cyprus,CYP,2015,71.72
Czechia,CZE,2015,75.67
Denmark,DNK,2015,96.33
Djibouti,DJI,2015,22.9
Dominica,DMA,2015,65.0
Dominican Republic,DOM,2015,54.22
Early-demographic dividend,EAR,2015,24.42
East Asia & Pacific,EAS,2015,48.86
East Asia & Pacific (IDA & IBRD countries),TEA,2015,44.12
East Asia & Pacific (excluding high income),EAP,2015,44.12
Ecuador,ECU,2015,48.94
Egypt, Arab Rep.,2015,33.89
El Salvador,SLV,2015,26.8
Equatorial Guinea,GNQ,2015,21.32
Eritrea,ERI,2015,1.08
Estonia,EST,2015,88.41
Eswatini,SWZ,2015,25.64
Ethiopia,ETH,2015,13.86
Euro area,EMU,2015,77.5
Europe & Central Asia,ECS,2015,69.88
Europe & Central Asia (IDA & IBRD countries),TEC,2015,59.39
Europe & Central Asia (excluding high income),ECA,2015,58.6
European Union,EUU,2015,75.66
Faroe Islands,FRO,2015,94.2
Fiji,FJI,2015,42.5
Finland,FIN,2015,86.42
Fragile and conflict affected situations,FCS,2015,18.39
France,FRA,2015,78.01
French Polynesia,PYF,2015,64.56
Gabon,GAB,2015,45.78
Gambia, The,2015,15.56
Georgia,GEO,2015,47.57
Germany,DEU,2015,87.59
Ghana,GHA,2015,23.0
Gibraltar,GIB,2015,16.1
Greece,GRC,2015,66.83
Greenland,GRL,2015,67.6
Grenada,GRD,2015,52.5
Guam,GUM,2015,73.14
Guatemala,GTM,2015,28.81
Guinea,GIN,2015,9.2
Guinea-Bissau,GNB,2015,6.1
Guyana,GUY,2015,34.0
Haiti,HTI,2015,14.2
Heavily indebted poor countries (HIPC),HPC,2015,10.43
High income,HIC,2015,79.37
Honduras,HND,2015,27.1
Hong Kong SAR, China,2015,79.87
Hungary,HUN,2015,72.83
IBRD only,IBD,2015,39.18
IDA & IBRD total,IBT,2015,33.0
IDA blend,IDB,2015,18.78
IDA only,IDX,2015,11.8
IDA total,IDA,2015,14.19
Iceland,ISL,2015,98.2
India,IND,2015,14.9
Indonesia,IDN,2015,22.06
Iran, Islamic Rep.,2015,39.35
Iraq,IRQ,2015,15.2
Ireland,IRL,2015,83.49
Isle of Man,IMN,2015,13.35
Israel,ISR,2015,77.35
Italy,ITA,2015,58.14
Jamaica,JAM,2015,42.22
Japan,JPN,2015,91.06
Jordan,JOR,2015,54.22
Kazakhstan,KAZ,2015,70.83
Kenya,KEN,2015,16.59
Kiribati,KIR,2015,14.9
Korea, Rep.,2015,87.56
Korea, Dem. People's Rep.,2015,66.05
Kosovo,XKX,2015,23.98
Kuwait,KWT,2015,82.0
Kyrgyz Republic,KGZ,2015,30.25
Lao PDR,LAO,2015,18.2
Late-demographic dividend,LTE,2015,53.37
Latin America & Caribbean,LCN,2015,54.4
Latin America & Caribbean (excluding high income),LAC,2015,53.36
Latin America & the Caribbean (IDA & IBRD countries),TLA,2015,54.64
Latvia,LVA,2015,79.2
Least developed countries: UN classification,LDC,2015,10.73
Lebanon,LBN,2015,74.0
Lesotho,LSO,2015,25.0
Liberia,LBR,2015,10.0
Libya,LBY,2015,33.65
Liechtenstein,LIE,2015,96.64
Lithuania,LTU,2015,71.38
Low & middle income,LMY,2015,32.41
Low income,LIC,2015,9.07
Lower middle income,LMC,2015,20.79
Luxembourg,LUX,2015,96.38
Macao SAR, China,2015,69.78
Madagascar,MDG,2015,4.17
Malawi,MWI,2015,6.0
Malaysia,MYS,2015,71.06
Maldives,MDV,2015,54.46
Mali,MLI,2015,10.33
Malta,MLT,2015,75.96
Marshall Islands,MHL,2015,19.28
Mauritania,MRT,2015,17.6
Mauritius,MUS,2015,50.14
Mexico,MEX,2015,57.43
Micronesia, Fed. Sts.,2015,29.65
Middle East & North Africa,MEA,2015,44.35
Middle East & North Africa (IDA & IBRD countries),TMN,2015,38.84
Middle East & North Africa (excluding high income),MNA,2015,39.05
Middle income,MIC,2015,34.58
Moldova,MDA,2015,43.1
Monaco,MCO,2015,93.36
Mongolia,MNG,2015,22.5
Montenegro,MNE,2015,68.12
Morocco,MAR,2015,57.08
Mozambique,MOZ,2015,6.5
Myanmar,MMR,2015,10.9
Namibia,NAM,2015,25.69
Nauru,NRU,2015,51.39
Nepal,NPL,2015,17.58
Netherlands,NLD,2015,91.72
New Caledonia,NCL,2015,74.0
New Zealand,NZL,2015,85.2
Nicaragua,NIC,2015,19.7
Niger,NER,2015,2.48
Nigeria,NGA,2015,24.5
North America,NAC,2015,76.09
North Macedonia,MKD,2015,70.38
Northern Mariana Islands,MNP,2015,14.5
Norway,NOR,2015,96.81
Not classified,INX,2015,49.2
OECD members,OED,2015,75.68
Oman,OMN,2015,73.53
Other small states,OSS,2015,43.37
Pacific island small states,PSS,2015,27.89
Pakistan,PAK,2015,11.0
Palau,PLW,2015,22.4
Panama,PAN,2015,51.21
Papua New Guinea,PNG,2015,7.9
Paraguay,PRY,2015,49.72
Peru,PER,2015,40.85
Philippines,PHL,2015,36.9
Poland,POL,2015,68.0
Portugal,PRT,2015,68.63
Post-demographic dividend,PST,2015,78.68
Pre-demographic dividend,PRE,2015,12.89
Puerto Rico,PRI,2015,63.47
Qatar,QAT,2015,92.88
Romania,ROU,2015,55.76
Russian Federation,RUS,2015,70.1
Rwanda,RWA,2015,12.5
Samoa,WSM,2015,25.41
San Marino,SMR,2015,14.28
Sao Tome and Principe,STP,2015,25.82
Saudi Arabia,SAU,2015,69.62
Senegal,SEN,2015,21.7
Serbia,SRB,2015,65.32
Seychelles,SYC,2015,54.26
Sierra Leone,SLE,2015,6.34
Singapore,SGP,2015,83.2
Sint Maarten (Dutch part),SXM,2015,39.95
Slovak Republic,SVK,2015,77.63
Slovenia,SVN,2015,73.1
Small states,SST,2015,43.77
Solomon Islands,SLB,2015,10.0
Somalia,SOM,2015,1.76
South Africa,ZAF,2015,51.92
South Asia,SAS,2015,14.2
South Asia (IDA & IBRD),TSA,2015,14.2
South Sudan,SSD,2015,3.0
Spain,ESP,2015,78.69
Sri Lanka,LKA,2015,15.26
St. Kitts and Nevis,KNA,2015,75.7
St. Lucia,LCA,2015,57.3
St. Martin (French part),MAF,2015,63.43
St. Vincent and the Grenadines,VCT,2015,49.4
Sub-Saharan Africa,SSF,2015,16.01
Sub-Saharan Africa (IDA & IBRD countries),TSS,2015,16.01
Sub-Saharan Africa (excluding high income),SSA,2015,16.01
Sudan,SDN,2015,45.66
Suriname,SUR,2015,42.76
Sweden,SWE,2015,90.61
Switzerland,CHE,2015,87.48
Syrian Arab Republic,SYR,2015,29.98
Tajikistan,TJK,2015,18.98
Tanzania,TZA,2015,10.0
Thailand,THA,2015,39.32
Timor-Leste,TLS,2015,18.6
Togo,TGO,2015,7.12
Tonga,TON,2015,38.65
Trinidad and Tobago,TTO,2015,65.1
Tunisia,TUN,2015,46.5
Turkiye,TUR,2015,53.74
Turkmenistan,TKM,2015,15.0
Turks and Caicos Islands,TCA,2015,16.74
Tuvalu,TUV,2015,27.3
Uganda,UGA,2015,5.8
Ukraine,UKR,2015,48.88
United Arab Emirates,ARE,2015,90.5
United Kingdom,GBR,2015,92.0
United States,USA,2015,74.55
Upper middle income,UMC,2015,49.47
Uruguay,URY,2015,64.57
Uzbekistan,UZB,2015,42.8
Vanuatu,VUT,2015,22.35
Venezuela, RB,2015,57.0
Vietnam,VNM,2015,45.0
Virgin Islands (U.S.),VIR,2015,54.84
West Bank and Gaza,PSE,2015,56.7
World,WLD,2015,40.27
Yemen, Rep.,2015,22.55
Zambia,ZMB,2015,8.8
Zimbabwe,ZWE,2015,22.74
Afghanistan,AFG,2016,11.0
Africa Eastern and Southern,AFE,2016,15.75
Africa Western and Central,AFW,2016,22.87
Albania,ALB,2016,59.6
Algeria,DZA,2016,42.95
American Samoa,ASM,2016,68.67
Andorra,AND,2016,89.7
Angola,AGO,2016,23.2
Antigua and Barbuda,ATG,2016,73.0
Arab World,ARB,2016,41.53
Argentina,ARG,2016,70.97
Armenia,ARM,2016,64.35
Aruba,ABW,2016,93.54
Australia,AUS,2016,86.54
Austria,AUT,2016,84.32
Azerbaijan,AZE,2016,78.2
Bahamas, The,2016,78.0
Bahrain,BHR,2016,98.0
Bangladesh,BGD,2016,18.1
Barbados,BRB,2016,79.55
Belarus,BLR,2016,71.11
Belgium,BEL,2016,86.52
Belize,BLZ,2016,44.58
Benin,BEN,2016,14.5
Bermuda,BMU,2016,98.0
Bhutan,BTN,2016,46.5
Bolivia,BOL,2016,39.7
Bosnia and Herzegovina,BIH,2016,60.26
Botswana,BWA,2016,39.36
Brazil,BRA,2016,60.87
British Virgin Islands,VGB,2016,77.7
Brunei Darussalam,BRN,2016,90.0
Bulgaria,BGR,2016,59.83
Burkina Faso,BFA,2016,7.14
Burundi,BDI,2016,2.2
Cabo Verde,CPV,2016,50.32
Cambodia,KHM,2016,32.4
Cameroon,CMR,2016,20.6
Canada,CAN,2016,91.16
Caribbean small states,CSS,2016,53.04
Cayman Islands,CYM,2016,79.0
Central African Republic,CAF,2016,3.1
Central Europe and the Baltics,CEB,2016,71.34
Chad,TCD,2016,5.8
Channel Islands,CHI,2016,86.35
Chile,CHL,2016,83.56
China,CHN,2016,53.2
Colombia,COL,2016,58.14
Comoros,COM,2016,7.94
Congo, Dem. Rep.,2016,3.8
Congo, Rep.,2016,7.62
Costa Rica,CRI,2016,65.88
Cote d'Ivoire,CIV,2016,41.21
Croatia,HRV,2016,72.7
Cuba,CUB,2016,42.98
Curacao,CUW,2016,61.86
Cyprus,CYP,2016,75.9
Czechia,CZE,2016,76.48
Denmark,DNK,2016,96.97
Djibouti,DJI,2016,30.8
Dominica,DMA,2016,67.03
Dominican Republic,DOM,2016,63.87
Early-demographic dividend,EAR,2016,27.13
East Asia & Pacific,EAS,2016,52.24
East Asia & Pacific (IDA & IBRD countries),TEA,2016,47.65
East Asia & Pacific (excluding high income),EAP,2016,47.65
Ecuador,ECU,2016,54.06
Egypt, Arab Rep.,2016,37.82
El Salvador,SLV,2016,29.0
Equatorial Guinea,GNQ,2016,23.78
Eritrea,ERI,2016,1.18
Estonia,EST,2016,87.24
Eswatini,SWZ,2016,28.57
Ethiopia,ETH,2016,15.37
Euro area,EMU,2016,77.99
Europe & Central Asia,ECS,2016,72.31
Europe & Central Asia (IDA & IBRD countries),TEC,2016,63.3
Europe & Central Asia (excluding high income),ECA,2016,62.4
European Union,EUU,2016,76.91
Faroe Islands,FRO,2016,95.11
Fiji,FJI,2016,49.42
Finland,FIN,2016,87.7
Fragile and conflict affected situations,FCS,2016,20.73
France,FRA,2016,79.27
French Polynesia,PYF,2016,68.44
Gabon,GAB,2016,48.05
Gambia, The,2016,17.6
Georgia,GEO,2016,58.46
Germany,DEU,2016,84.17
Ghana,GHA,2016,28.0
Gibraltar,GIB,2016,94.44
Greece,GRC,2016,69.09
Greenland,GRL,2016,68.5
Grenada,GRD,2016,53.3
Guam,GUM,2016,77.01
Guatemala,GTM,2016,34.51
Guinea,GIN,2016,13.1
Guinea-Bissau,GNB,2016,13.8
Guyana,GUY,2016,35.66
Haiti,HTI,2016,22.8
Heavily indebted poor countries (HIPC),HPC,2016,13.46
High income,HIC,2016,83.73
Honduras,HND,2016,29.5
Hong Kong SAR, China,2016,84.95
Hungary,HUN,2016,79.26
IBRD only,IBD,2016,42.08
IDA & IBRD total,IBT,2016,35.79
IDA blend,IDB,2016,21.17
IDA only,IDX,2016,15.41
IDA total,IDA,2016,17.33
Iceland,ISL,2016,98.24
India,IND,2016,16.5
Indonesia,IDN,2016,25.45
Iran, Islamic Rep.,2016,45.33
Iraq,IRQ,2016,19.9
Ireland,IRL,2016,83.5
Isle of Man,IMN,2016,15.95
Israel,ISR,2016,79.65
Italy,ITA,2016,61.32
Jamaica,JAM,2016,44.37
Japan,JPN,2016,93.18
Jordan,JOR,2016,56.15
Kazakhstan,KAZ,2016,74.59
Kenya,KEN,2016,16.6
Kiribati,KIR,2016,19.42
Korea, Rep.,2016,89.9
Korea, Dem. People's Rep.,2016,69.53
Kosovo,XKX,2016,27.89
Kuwait,KWT,2016,85.6
Kyrgyz Republic,KGZ,2016,40.5
Lao PDR,LAO,2016,21.87
Late-demographic dividend,LTE,2016,56.78
Latin America & Caribbean,LCN,2016,57.54
Latin America & Caribbean (excluding high income),LAC,2016,56.44
Latin America & the Caribbean (IDA & IBRD countries),TLA,2016,57.72
Latvia,LVA,2016,79.84
Least developed countries: UN classification,LDC,2016,13.71
Lebanon,LBN,2016,76.11
Lesotho,LSO,2016,32.45
Liberia,LBR,2016,15.7
Libya,LBY,2016,38.7
Liechtenstein,LIE,2016,98.09
Lithuania,LTU,2016,74.38
Low & middle income,LMY,2016,35.19
Low income,LIC,2016,10.86
Lower middle income,LMC,2016,23.81
Luxembourg,LUX,2016,98.14
Macao SAR, China,2016,77.6
Madagascar,MDG,2016,4.71
Malawi,MWI,2016,6.3
Malaysia,MYS,2016,78.79
Maldives,MDV,2016,59.5
Mali,MLI,2016,14.0
Malta,MLT,2016,78.08
Marshall Islands,MHL,2016,29.79
Mauritania,MRT,2016,24.1
Mauritius,MUS,2016,52.19
Mexico,MEX,2016,59.54
Micronesia, Fed. Sts.,2016,31.5
Middle East & North Africa,MEA,2016,48.41
Middle East & North Africa (IDA & IBRD countries),TMN,2016,42.92
Middle East & North Africa (excluding high income),MNA,2016,43.13
Middle income,MIC,2016,37.66
Moldova,MDA,2016,46.7
Monaco,MCO,2016,95.21
Mongolia,MNG,2016,22.27
Montenegro,MNE,2016,69.88
Morocco,MAR,2016,58.27
Mozambique,MOZ,2016,7.0
Myanmar,MMR,2016,16.0
Namibia,NAM,2016,31.03
Nauru,NRU,2016,53.6
Nepal,NPL,2016,20.7
Netherlands,NLD,2016,90.41
New Caledonia,NCL,2016,17.68
New Zealand,NZL,2016,86.5
Nicaragua,NIC,2016,24.57
Niger,NER,2016,4.32
Nigeria,NGA,2016,28.5
North America,NAC,2016,86.1
North Macedonia,MKD,2016,72.16
Northern Mariana Islands,MNP,2016,14.63
Norway,NOR,2016,97.3
Not classified,INX,2016,50.0
OECD members,OED,2016,79.86
Oman,OMN,2016,76.85
Other small states,OSS,2016,47.38
Pacific island small states,PSS,2016,31.94
Pakistan,PAK,2016,12.39
Palau,PLW,2016,24.4
Panama,PAN,2016,54.0
Papua New Guinea,PNG,2016,9.6
Paraguay,PRY,2016,53.4
Peru,PER,2016,45.46
Philippines,PHL,2016,39.2
Poland,POL,2016,73.3
Portugal,PRT,2016,70.42
Post-demographic dividend,PST,2016,83.18
Pre-demographic dividend,PRE,2016,15.91
Puerto Rico,PRI,2016,68.64
Qatar,QAT,2016,95.12
Romania,ROU,2016,59.5
Russian Federation,RUS,2016,73.09
Rwanda,RWA,2016,14.6
Samoa,WSM,2016,31.7
San Marino,SMR,2016,15.44
Sao Tome and Principe,STP,2016,28.0
Saudi Arabia,SAU,2016,74.88
Senegal,SEN,2016,25.66
Serbia,SRB,2016,67.06
Seychelles,SYC,2016,56.51
Sierra Leone,SLE,2016,11.77
Singapore,SGP,2016,84.45
Sint Maarten (Dutch part),SXM,2016,42.54
Slovak Republic,SVK,2016,80.48
Slovenia,SVN,2016,75.5
Small states,SST,2016,47.47
Solomon Islands,SLB,2016,11.0
Somalia,SOM,2016,1.88
South Africa,ZAF,2016,54.0
South Asia,SAS,2016,16.2
South Asia (IDA & IBRD),TSA,2016,16.2
South Sudan,SSD,2016,3.5
Spain,ESP,2016,80.56
Sri Lanka,LKA,2016,22.19
St. Kitts and Nevis,KNA,2016,76.82
St. Lucia,LCA,2016,61.7
St. Martin (French part),MAF,2016,67.94
St. Vincent and the Grenadines,VCT,2016,51.5
Sub-Saharan Africa,SSF,2016,18.64
Sub-Saharan Africa (IDA & IBRD countries),TSS,2016,18.64
Sub-Saharan Africa (excluding high income),SSA,2016,18.63
Sudan,SDN,2016,14.1
Suriname,SUR,2016,45.4
Sweden,SWE,2016,89.65
Switzerland,CHE,2016,89.13
Syrian Arab Republic,SYR,2016,31.87
Tajikistan,TJK,2016,20.47
Tanzania,TZA,2016,13.5
Thailand,THA,2016,47.5
Timor-Leste,TLS,2016,21.2
Togo,TGO,2016,11.31
Tonga,TON,2016,39.95
Trinidad and Tobago,TTO,2016,67.8
Tunisia,TUN,2016,49.6
Turkiye,TUR,2016,58.35
Turkmenistan,TKM,2016,17.99
Turks and Caicos Islands,TCA,2016,18.83
Tuvalu,TUV,2016,31.0
Uganda,UGA,2016,5.9
Ukraine,UKR,2016,53.0
United Arab Emirates,ARE,2016,90.6
United Kingdom,GBR,2016,94.78
United States,USA,2016,85.54
Upper middle income,UMC,2016,52.71
Uruguay,URY,2016,66.4
Uzbekistan,UZB,2016,46.79
Vanuatu,VUT,2016,24.0
Venezuela, RB,2016,58.0
Vietnam,VNM,2016,53.0
Virgin Islands (U.S.),VIR,2016,59.61
West Bank and Gaza,PSE,2016,59.9
World,WLD,2016,43.22
Yemen, Rep.,2016,24.09
Zambia,ZMB,2016,10.3
Zimbabwe,ZWE,2016,23.12
Afghanistan,AFG,2017,13.5
Africa Eastern and Southern,AFE,2017,17.31
Africa Western and Central,AFW,2017,27.08
Albania,ALB,2017,62.4
Algeria,DZA,2017,47.69
American Samoa,ASM,2017,72.01
Andorra,AND,2017,91.57
Angola,AGO,2017,26.0
Antigua and Barbuda,ATG,2017,79.28
Arab World,ARB,2017,46.66
Argentina,ARG,2017,74.29
Armenia,ARM,2017,64.74
Aruba,ABW,2017,97.17
Australia,AUS,2017,86.55
Austria,AUT,2017,87.94
Azerbaijan,AZE,2017,79.0
Bahamas, The,2017,80.0
Bahrain,BHR,2017,95.88
Bangladesh,BGD,2017,19.8
Barbados,BRB,2017,81.76
Belarus,BLR,2017,74.44
Belgium,BEL,2017,87.68
Belize,BLZ,2017,47.08
Benin,BEN,2017,18.7
Bermuda,BMU,2017,98.37
Bhutan,BTN,2017,54.3
Bolivia,BOL,2017,43.83
Bosnia and Herzegovina,BIH,2017,64.89
Botswana,BWA,2017,41.41
Brazil,BRA,2017,67.47
British Virgin Islands,VGB,2017,77.7
Brunei Darussalam,BRN,2017,94.87
Bulgaria,BGR,2017,63.41
Burkina Faso,BFA,2017,7.79
Burundi,BDI,2017,2.66
Cabo Verde,CPV,2017,57.16
Cambodia,KHM,2017,32.9
Cameroon,CMR,2017,23.2
Canada,CAN,2017,92.7
Caribbean small states,CSS,2017,58.46
Cayman Islands,CYM,2017,81.07
Central African Republic,CAF,2017,4.0
Central Europe and the Baltics,CEB,2017,73.41
Chad,TCD,2017,7.4
Channel Islands,CHI,2017,86.01
Chile,CHL,2017,82.33
China,CHN,2017,54.3
Colombia,COL,2017,62.26
Comoros,COM,2017,8.48
Congo, Dem. Rep.,2017,6.21
Congo, Rep.,2017,8.12
Costa Rica,CRI,2017,71.58
Cote d'Ivoire,CIV,2017,43.84
Croatia,HRV,2017,67.1
Cuba,CUB,2017,57.15
Curacao,CUW,2017,68.13
Cyprus,CYP,2017,80.74
Czechia,CZE,2017,78.72
Denmark,DNK,2017,97.1
Djibouti,DJI,2017,55.68
Dominica,DMA,2017,69.62
Dominican Republic,DOM,2017,67.57
Early-demographic dividend,EAR,2017,29.9
East Asia & Pacific,EAS,2017,54.38
East Asia & Pacific (IDA & IBRD countries),TEA,2017,50.06
East Asia & Pacific (excluding high income),EAP,2017,50.06
Ecuador,ECU,2017,55.8
Egypt, Arab Rep.,2017,41.25
El Salvador,SLV,2017,33.82
Equatorial Guinea,GNQ,2017,26.24
Eritrea,ERI,2017,1.31
Estonia,EST,2017,88.1
Eswatini,SWZ,2017,35.3
Ethiopia,ETH,2017,15.6
Euro area,EMU,2017,79.67
Europe & Central Asia,ECS,2017,74.5
Europe & Central Asia (IDA & IBRD countries),TEC,2017,67.01
Europe & Central Asia (excluding high income),ECA,2017,66.3
European Union,EUU,2017,78.7
Faroe Islands,FRO,2017,97.58
Fiji,FJI,2017,65.78
Finland,FIN,2017,87.47
Fragile and conflict affected situations,FCS,2017,23.94
France,FRA,2017,80.5
French Polynesia,PYF,2017,72.7
Gabon,GAB,2017,50.32
Gambia, The,2017,19.9
Georgia,GEO,2017,59.71
Germany,DEU,2017,84.39
Ghana,GHA,2017,37.88
Gibraltar,GIB,2017,28.29
Greece,GRC,2017,69.89
Greenland,GRL,2017,69.48
Grenada,GRD,2017,54.2
Guam,GUM,2017,80.51
Guatemala,GTM,2017,37.9
Guinea,GIN,2017,18.7
Guinea-Bissau,GNB,2017,14.8
Guyana,GUY,2017,37.33
Haiti,HTI,2017,27.2
Heavily indebted poor countries (HIPC),HPC,2017,15.84
High income,HIC,2017,85.32
Honduras,HND,2017,31.74
Hong Kong SAR, China,2017,87.48
Hungary,HUN,2017,76.75
IBRD only,IBD,2017,44.57
IDA & IBRD total,IBT,2017,38.28
IDA blend,IDB,2017,23.85
IDA only,IDX,2017,18.2
IDA total,IDA,2017,20.08
Iceland,ISL,2017,98.26
India,IND,2017,18.2
Indonesia,IDN,2017,32.34
Iran, Islamic Rep.,2017,53.23
Iraq,IRQ,2017,26.0
Ireland,IRL,2017,84.11
Isle of Man,IMN,2017,18.2
Israel,ISR,2017,81.58
Italy,ITA,2017,63.08
Jamaica,JAM,2017,55.07
Japan,JPN,2017,91.73
Jordan,JOR,2017,64.5
Kazakhstan,KAZ,2017,76.43
Kenya,KEN,2017,17.83
Kiribati,KIR,2017,25.31
Korea, Rep.,2017,92.84
Korea, Dem. People's Rep.,2017,71.27
Kosovo,XKX,2017,83.89
Kuwait,KWT,2017,98.0
Kyrgyz Republic,KGZ,2017,50.8
Lao PDR,LAO,2017,25.51
Late-demographic dividend,LTE,2017,59.18
Latin America & Caribbean,LCN,2017,60.26
Latin America & Caribbean (excluding high income),LAC,2017,59.34
Latin America & the Caribbean (IDA & IBRD countries),TLA,2017,60.24
Latvia,LVA,2017,80.11
Least developed countries: UN classification,LDC,2017,16.02
Lebanon,LBN,2017,78.18
Lesotho,LSO,2017,39.0
Liberia,LBR,2017,16.3
Libya,LBY,2017,41.35
Liechtenstein,LIE,2017,99.55
Lithuania,LTU,2017,77.62
Low & middle income,LMY,2017,37.73
Low income,LIC,2017,12.54
Lower middle income,LMC,2017,26.7
Luxembourg,LUX,2017,97.36
Macao SAR, China,2017,81.64
Madagascar,MDG,2017,6.4
Malawi,MWI,2017,7.0
Malaysia,MYS,2017,80.14
Maldives,MDV,2017,65.0
Mali,MLI,2017,18.9
Malta,MLT,2017,81.01
Marshall Islands,MHL,2017,38.7
Mauritania,MRT,2017,24.2
Mauritius,MUS,2017,55.4
Mexico,MEX,2017,53.03
Micronesia, Fed. Sts.,2017,33.35
Middle East & North Africa,MEA,2017,54.88
Middle East & North Africa (IDA & IBRD countries),TMN,2017,48.45
Middle East & North Africa (excluding high income),MNA,2017,48.63
Middle income,MIC,2017,40.32
Moldova,MDA,2017,49.9
Monaco,MCO,2017,97.05
Mongolia,MNG,2017,23.71
Montenegro,MNE,2017,71.27
Morocco,MAR,2017,61.76
Mozambique,MOZ,2017,7.8
Myanmar,MMR,2017,23.62
Namibia,NAM,2017,36.84
Nauru,NRU,2017,62.39
Nepal,NPL,2017,24.3
Netherlands,NLD,2017,93.2
New Caledonia,NCL,2017,82.01
New Zealand,NZL,2017,87.7
Nicaragua,NIC,2017,30.4
Niger,NER,2017,10.22
Nigeria,NGA,2017,33.2
North America,NAC,2017,87.82
North Macedonia,MKD,2017,74.52
Northern Mariana Islands,MNP,2017,15.76
Norway,NOR,2017,96.36
Not classified,INX,2017,51.16
OECD members,OED,2017,80.51
Oman,OMN,2017,80.19
Other small states,OSS,2017,51.27
Pacific island small states,PSS,2017,40.54
Pakistan,PAK,2017,13.78
Palau,PLW,2017,26.4
Panama,PAN,2017,59.95
Papua New Guinea,PNG,2017,11.21
Paraguay,PRY,2017,61.08
Peru,PER,2017,50.45
Philippines,PHL,2017,41.6
Poland,POL,2017,75.99
Portugal,PRT,2017,73.79
Post-demographic dividend,PST,2017,84.41
Pre-demographic dividend,PRE,2017,18.82
Puerto Rico,PRI,2017,68.74
Qatar,QAT,2017,97.39
Romania,ROU,2017,63.75
Russian Federation,RUS,2017,76.01
Rwanda,RWA,2017,17.2
Samoa,WSM,2017,39.4
San Marino,SMR,2017,60.18
Sao Tome and Principe,STP,2017,29.93
Saudi Arabia,SAU,2017,94.18
Senegal,SEN,2017,29.64
Serbia,SRB,2017,70.33
Seychelles,SYC,2017,58.77
Sierra Leone,SLE,2017,13.24
Singapore,SGP,2017,84.45
Sint Maarten (Dutch part),SXM,2017,47.03
Slovak Republic,SVK,2017,81.63
Slovenia,SVN,2017,78.89
Small states,SST,2017,51.9
Solomon Islands,SLB,2017,11.92
Somalia,SOM,2017,2.0
South Africa,ZAF,2017,56.17
South Asia,SAS,2017,18.01
South Asia (IDA & IBRD),TSA,2017,18.01
South Sudan,SSD,2017,4.1
Spain,ESP,2017,84.6
Sri Lanka,LKA,2017,32.25
St. Kitts and Nevis,KNA,2017,80.71
St. Lucia,LCA,2017,66.4
St. Martin (French part),MAF,2017,71.7
St. Vincent and the Grenadines,VCT,2017,53.7
Sub-Saharan Africa,SSF,2017,21.27
Sub-Saharan Africa (IDA & IBRD countries),TSS,2017,21.27
Sub-Saharan Africa (excluding high income),SSA,2017,21.27
Sudan,SDN,2017,18.6
Suriname,SUR,2017,48.95
Sweden,SWE,2017,93.01
Switzerland,CHE,2017,89.69
Syrian Arab Republic,SYR,2017,32.7
Tajikistan,TJK,2017,21.96
Tanzania,TZA,2017,16.0
Thailand,THA,2017,52.89
Timor-Leste,TLS,2017,24.2
Togo,TGO,2017,12.36
Tonga,TON,2017,46.2
Trinidad and Tobago,TTO,2017,70.6
Tunisia,TUN,2017,55.5
Turkiye,TUR,2017,64.68
Turkmenistan,TKM,2017,21.25
Turks and Caicos Islands,TCA,2017,20.05
Tuvalu,TUV,2017,35.2
Uganda,UGA,2017,5.9
Ukraine,UKR,2017,58.89
United Arab Emirates,ARE,2017,94.82
United Kingdom,GBR,2017,90.42
United States,USA,2017,87.27
Upper middle income,UMC,2017,55.23
Uruguay,URY,2017,70.32
Uzbekistan,UZB,2017,48.7
Vanuatu,VUT,2017,30.8
Venezuela, RB,2017,60.0
Vietnam,VNM,2017,58.14
Virgin Islands (U.S.),VIR,2017,64.38
West Bank and Gaza,PSE,2017,63.3
World,WLD,2017,45.54
Yemen, Rep.,2017,24.58
Zambia,ZMB,2017,12.2
Zimbabwe,ZWE,2017,24.4
Afghanistan,AFG,2018,16.8
Africa Eastern and Southern,AFE,2018,20.06
Africa Western and Central,AFW,2018,32.09
Albania,ALB,2018,65.4
Algeria,DZA,2018,49.04
American Samoa,ASM,2018,75.5
Andorra,AND,2018,59.3
Angola,AGO,2018,29.0
Antigua and Barbuda,ATG,2018,82.75
Arab World,ARB,2018,53.2
Argentina,ARG,2018,77.7
Armenia,ARM,2018,68.25
Aruba,ABW,2018,
Australia,AUS,2018,90.0
Austria,AUT,2018,87.48
Azerbaijan,AZE,2018,79.8
Bahamas, The,2018,80.6
Bahrain,BHR,2018,98.64
Bangladesh,BGD,2018,23.44
Barbados,BRB,2018,82.48
Belarus,BLR,2018,79.13
Belgium,BEL,2018,88.65
Belize,BLZ,2018,49.8
Benin,BEN,2018,19.0
Bermuda,BMU,2018,47.04
Bhutan,BTN,2018,63.5
Bolivia,BOL,2018,44.29
Bosnia and Herzegovina,BIH,2018,70.12
Botswana,BWA,2018,58.0
Brazil,BRA,2018,70.43
British Virgin Islands,VGB,2018,64.35
Brunei Darussalam,BRN,2018,95.0
Bulgaria,BGR,2018,64.78
Burkina Faso,BFA,2018,8.5
Burundi,BDI,2018,2.7
Cabo Verde,CPV,2018,59.5
Cambodia,KHM,2018,45.04
Cameroon,CMR,2018,29.7
Canada,CAN,2018,94.64
Caribbean small states,CSS,2018,68.08
Cayman Islands,CYM,2018,77.18
Central African Republic,CAF,2018,5.1
Central Europe and the Baltics,CEB,2018,75.98
Chad,TCD,2018,8.0
Channel Islands,CHI,2018,88.35
Chile,CHL,2018,84.9
China,CHN,2018,59.2
Colombia,COL,2018,64.13
Comoros,COM,2018,61.81
Congo, Dem. Rep.,2018,8.62
Congo, Rep.,2018,8.65
Costa Rica,CRI,2018,73.48
Cote d'Ivoire,CIV,2018,37.55
Croatia,HRV,2018,75.29
Cuba,CUB,2018,62.68
Curacao,CUW,2018,69.93
Cyprus,CYP,2018,84.43
Czechia,CZE,2018,80.69
Denmark,DNK,2018,97.32
Djibouti,DJI,2018,58.0
Dominica,DMA,2018,77.66
Dominican Republic,DOM,2018,74.82
Early-demographic dividend,EAR,2018,32.75
East Asia & Pacific,EAS,2018,59.43
East Asia & Pacific (IDA & IBRD countries),TEA,2018,55.75
East Asia & Pacific (excluding high income),EAP,2018,55.75
Ecuador,ECU,2018,57.5
Egypt, Arab Rep.,2018,44.95
El Salvador,SLV,2018,43.8
Equatorial Guinea,GNQ,2018,43.97
Eritrea,ERI,2018,84.55
Estonia,EST,2018,89.36
Eswatini,SWZ,2018,43.7
Ethiopia,ETH,2018,15.9
Euro area,EMU,2018,83.0
Europe & Central Asia,ECS,2018,78.92
Europe & Central Asia (IDA & IBRD countries),TEC,2018,73.1
Europe & Central Asia (excluding high income),ECA,2018,72.75
European Union,EUU,2018,81.74
Faroe Islands,FRO,2018,58.67
Fiji,FJI,2018,68.9
Finland,FIN,2018,88.89
Fragile and conflict affected situations,FCS,2018,26.98
France,FRA,2018,82.04
French Polynesia,PYF,2018,92.82
Gabon,GAB,2018,59.6
Gambia, The,2018,22.5
Georgia,GEO,2018,62.72
Germany,DEU,2018,87.04
Ghana,GHA,2018,43.0
Gibraltar,GIB,2018,32.42
Greece,GRC,2018,72.24
Greenland,GRL,2018,51.45
Grenada,GRD,2018,61.4
Guam,GUM,2018,56.64
Guatemala,GTM,2018,41.5
Guinea,GIN,2018,21.83
Guinea-Bissau,GNB,2018,15.7
Guyana,GUY,2018,71.78
Haiti,HTI,2018,32.47
Heavily indebted poor countries (HIPC),HPC,2018,18.54
High income,HIC,2018,86.92
Honduras,HND,2018,36.04
Hong Kong SAR, China,2018,89.42
Hungary,HUN,2018,76.07
IBRD only,IBD,2018,48.41
IDA & IBRD total,IBT,2018,42.18
IDA blend,IDB,2018,27.75
IDA only,IDX,2018,20.83
IDA total,IDA,2018,23.24
Iceland,ISL,2018,99.01
India,IND,2018,20.08
Indonesia,IDN,2018,39.9
Iran, Islamic Rep.,2018,64.04
Iraq,IRQ,2018,33.9
Ireland,IRL,2018,87.0
Isle of Man,IMN,2018,20.46
Israel,ISR,2018,83.73
Italy,ITA,2018,74.39
Jamaica,JAM,2018,68.21
Japan,JPN,2018,88.75
Jordan,JOR,2018,65.2
Kazakhstan,KAZ,2018,78.9
Kenya,KEN,2018,19.5
Kiribati,KIR,2018,32.99
Korea, Rep.,2018,95.07
Korea, Dem. People's Rep.,2018,72.76
Kosovo,XKX,2018,89.44
Kuwait,KWT,2018,99.6
Kyrgyz Republic,KGZ,2018,57.1
Lao PDR,LAO,2018,36.3
Late-demographic dividend,LTE,2018,63.98
Latin America & Caribbean,LCN,2018,63.6
Latin America & Caribbean (excluding high income),LAC,2018,62.76
Latin America & the Caribbean (IDA & IBRD countries),TLA,2018,63.56
Latvia,LVA,2018,83.58
Least developed countries: UN classification,LDC,2018,18.5
Lebanon,LBN,2018,80.9
Lesotho,LSO,2018,40.8
Liberia,LBR,2018,18.9
Libya,LBY,2018,45.2
Liechtenstein,LIE,2018,30.53
Lithuania,LTU,2018,79.72
Low & middle income,LMY,2018,41.74
Low income,LIC,2018,14.16
Lower middle income,LMC,2018,29.81
Luxembourg,LUX,2018,97.06
Macao SAR, China,2018,83.17
Madagascar,MDG,2018,8.7
Malawi,MWI,2018,8.0
Malaysia,MYS,2018,81.2
Maldives,MDV,2018,70.9
Mali,MLI,2018,21.4
Malta,MLT,2018,81.66
Marshall Islands,MHL,2018,50.49
Mauritania,MRT,2018,35.1
Mauritius,MUS,2018,58.6
Mexico,MEX,2018,56.66
Micronesia, Fed. Sts.,2018,35.3
Middle East & North Africa,MEA,2018,60.23
Middle East & North Africa (IDA & IBRD countries),TMN,2018,54.09
Middle East & North Africa (excluding high income),MNA,2018,54.22
Middle income,MIC,2018,44.31
Moldova,MDA,2018,50.3
Monaco,MCO,2018,57.55
Mongolia,MNG,2018,47.13
Montenegro,MNE,2018,71.52
Morocco,MAR,2018,64.8
Mozambique,MOZ,2018,10.9
Myanmar,MMR,2018,28.7
Namibia,NAM,2018,40.0
Nauru,NRU,2018,58.8
Nepal,NPL,2018,28.6
Netherlands,NLD,2018,91.89
New Caledonia,NCL,2018,39.57
New Zealand,NZL,2018,89.0
Nicaragua,NIC,2018,37.6
Niger,NER,2018,39.13
Nigeria,NGA,2018,38.7
North America,NAC,2018,89.11
North Macedonia,MKD,2018,79.17
Northern Mariana Islands,MNP,2018,29.02
Norway,NOR,2018,96.49
Not classified,INX,2018,53.54
OECD members,OED,2018,82.39
Oman,OMN,2018,85.5
Other small states,OSS,2018,58.18
Pacific island small states,PSS,2018,75.19
Pakistan,PAK,2018,15.34
Palau,PLW,2018,55.25
Panama,PAN,2018,61.81
Papua New Guinea,PNG,2018,66.39
Paraguay,PRY,2018,64.99
Peru,PER,2018,55.05
Philippines,PHL,2018,44.1
Poland,POL,2018,77.54
Portugal,PRT,2018,74.66
Post-demographic dividend,PST,2018,85.98
Pre-demographic dividend,PRE,2018,22.67
Puerto Rico,PRI,2018,70.86
Qatar,QAT,2018,99.65
Romania,ROU,2018,70.68
Russian Federation,RUS,2018,80.86
Rwanda,RWA,2018,19.2
Samoa,WSM,2018,49.1
San Marino,SMR,2018,53.65
Sao Tome and Principe,STP,2018,30.08
Saudi Arabia,SAU,2018,93.31
Senegal,SEN,2018,35.3
Serbia,SRB,2018,73.36
Seychelles,SYC,2018,70.1
Sierra Leone,SLE,2018,15.8
Singapore,SGP,2018,88.17
Sint Maarten (Dutch part),SXM,2018,56.9
Slovak Republic,SVK,2018,80.45
Slovenia,SVN,2018,79.75
Small states,SST,2018,59.32
Solomon Islands,SLB,2018,51.98
Somalia,SOM,2018,63.51
South Africa,ZAF,2018,62.4
South Asia,SAS,2018,20.23
South Asia (IDA & IBRD),TSA,2018,20.23
South Sudan,SSD,2018,4.8
Spain,ESP,2018,86.11
Sri Lanka,LKA,2018,46.9
St. Kitts and Nevis,KNA,2018,64.03
St. Lucia,LCA,2018,71.5
St. Martin (French part),MAF,2018,73.99
St. Vincent and the Grenadines,VCT,2018,56.0
Sub-Saharan Africa,SSF,2018,24.83
Sub-Saharan Africa (IDA & IBRD countries),TSS,2018,24.83
Sub-Saharan Africa (excluding high income),SSA,2018,24.82
Sudan,SDN,2018,24.6
Suriname,SUR,2018,53.8
Sweden,SWE,2018,89.25
Switzerland,CHE,2018,91.8
Syrian Arab Republic,SYR,2018,33.77
Tajikistan,TJK,2018,59.06
Tanzania,TZA,2018,17.1
Thailand,THA,2018,56.82
Timor-Leste,TLS,2018,27.6
Togo,TGO,2018,15.5
Tonga,TON,2018,53.4
Trinidad and Tobago,TTO,2018,44.51
Tunisia,TUN,2018,64.19
Turkiye,TUR,2018,71.04
Turkmenistan,TKM,2018,61.31
Turks and Caicos Islands,TCA,2018,20.88
Tuvalu,TUV,2018,44.07
Uganda,UGA,2018,6.0
Ukraine,UKR,2018,62.55
United Arab Emirates,ARE,2018,98.45
United Kingdom,GBR,2018,90.69
United States,USA,2018,88.5
Upper middle income,UMC,2018,60.15
Uruguay,URY,2018,80.73
Uzbekistan,UZB,2018,55.2
Vanuatu,VUT,2018,39.5
Venezuela, RB,2018,61.6
Vietnam,VNM,2018,69.85
Virgin Islands (U.S.),VIR,2018,67.1
West Bank and Gaza,PSE,2018,64.4
World,WLD,2018,49.16
Yemen, Rep.,2018,26.72
Zambia,ZMB,2018,14.3
Zimbabwe,ZWE,2018,25.0
Afghanistan,AFG,2019,17.6
Africa Eastern and Southern,AFE,2019,22.59
Africa Western and Central,AFW,2019,35.28
Albania,ALB,2019,68.55
Algeria,DZA,2019,58.98
American Samoa,ASM,2019,81.13
Andorra,AND,2019,90.72
Angola,AGO,2019,32.13
Antigua and Barbuda,ATG,2019,95.71
Arab World,ARB,2019,60.73
Argentina,ARG,2019,79.95
Armenia,ARM,2019,66.54
Aruba,ABW,2019,
Australia,AUS,2019,93.61
Austria,AUT,2019,87.75
Azerbaijan,AZE,2019,81.1
Bahamas, The,2019,83.0
Bahrain,BHR,2019,99.7
Bangladesh,BGD,2019,27.76
Barbados,BRB,2019,83.21
Belarus,BLR,2019,82.79
Belgium,BEL,2019,90.28
Belize,BLZ,2019,57.12
Benin,BEN,2019,22.42
Bermuda,BMU,2019,52.3
Bhutan,BTN,2019,74.18
Bolivia,BOL,2019,47.47
Bosnia and Herzegovina,BIH,2019,69.95
Botswana,BWA,2019,64.83
Brazil,BRA,2019,73.91
British Virgin Islands,VGB,2019,71.31
Brunei Darussalam,BRN,2019,95.0
Bulgaria,BGR,2019,67.95
Burkina Faso,BFA,2019,9.27
Burundi,BDI,2019,2.73
Cabo Verde,CPV,2019,61.94
Cambodia,KHM,2019,52.31
Cameroon,CMR,2019,36.54
Canada,CAN,2019,91.91
Caribbean small states,CSS,2019,73.6
Cayman Islands,CYM,2019,80.03
Central African Republic,CAF,2019,7.51
Central Europe and the Baltics,CEB,2019,78.73
Chad,TCD,2019,8.36
Channel Islands,CHI,2019,89.08
Chile,CHL,2019,85.02
China,CHN,2019,64.08
Colombia,COL,2019,65.01
Comoros,COM,2019,16.38
Congo, Dem. Rep.,2019,11.7
Congo, Rep.,2019,38.35
Costa Rica,CRI,2019,81.2
Cote d'Ivoire,CIV,2019,36.29
Croatia,HRV,2019,79.08
Cuba,CUB,2019,67.97
Curacao,CUW,2019,74.0
Cyprus,CYP,2019,86.06
Czechia,CZE,2019,80.87
Denmark,DNK,2019,98.05
Djibouti,DJI,2019,59.34
Dominica,DMA,2019,73.38
Dominican Republic,DOM,2019,79.72
Early-demographic dividend,EAR,2019,39.59
East Asia & Pacific,EAS,2019,63.67
East Asia & Pacific (IDA & IBRD countries),TEA,2019,60.22
East Asia & Pacific (excluding high income),EAP,2019,60.22
Ecuador,ECU,2019,59.2
Egypt, Arab Rep.,2019,46.92
El Salvador,SLV,2019,50.49
Equatorial Guinea,GNQ,2019,49.13
Eritrea,ERI,2019,8.83
Estonia,EST,2019,90.23
Eswatini,SWZ,2019,54.03
Ethiopia,ETH,2019,16.15
Euro area,EMU,2019,83.4
Europe & Central Asia,ECS,2019,81.29
Europe & Central Asia (IDA & IBRD countries),TEC,2019,77.06
Europe & Central Asia (excluding high income),ECA,2019,76.87
European Union,EUU,2019,82.75
Faroe Islands,FRO,2019,78.45
Fiji,FJI,2019,77.19
Finland,FIN,2019,89.61
Fragile and conflict affected situations,FCS,2019,30.05
France,FRA,2019,83.34
French Polynesia,PYF,2019,93.56
Gabon,GAB,2019,68.69
Gambia, The,2019,25.5
Georgia,GEO,2019,68.85
Germany,DEU,2019,88.13
Ghana,GHA,2019,45.01
Gibraltar,GIB,2019,34.19
Greece,GRC,2019,75.67
Greenland,GRL,2019,57.01
Grenada,GRD,2019,69.61
Guam,GUM,2019,61.52
Guatemala,GTM,2019,44.4
Guinea,GIN,2019,23.37
Guinea-Bissau,GNB,2019,22.92
Guyana,GUY,2019,78.64
Haiti,HTI,2019,32.47
Heavily indebted poor countries (HIPC),HPC,2019,20.46
High income,HIC,2019,88.25
Honduras,HND,2019,39.39
Hong Kong SAR, China,2019,90.51
Hungary,HUN,2019,80.37
IBRD only,IBD,2019,54.69
IDA & IBRD total,IBT,2019,47.47
IDA blend,IDB,2019,32.18
IDA only,IDX,2019,23.57
IDA total,IDA,2019,26.5
Iceland,ISL,2019,99.5
India,IND,2019,29.52
Indonesia,IDN,2019,47.69
Iran, Islamic Rep.,2019,70.2
Iraq,IRQ,2019,44.33
Ireland,IRL,2019,87.0
Isle of Man,IMN,2019,26.54
Israel,ISR,2019,86.79
Italy,ITA,2019,67.85
Jamaica,JAM,2019,70.84
Japan,JPN,2019,92.73
Jordan,JOR,2019,70.08
Kazakhstan,KAZ,2019,81.88
Kenya,KEN,2019,22.67
Kiribati,KIR,2019,42.99
Korea, Rep.,2019,96.02
Korea, Dem. People's Rep.,2019,76.54
Kosovo,XKX,2019,64.04
Kuwait,KWT,2019,99.54
Kyrgyz Republic,KGZ,2019,64.1
Lao PDR,LAO,2019,47.03
Late-demographic dividend,LTE,2019,68.36
Latin America & Caribbean,LCN,2019,68.75
Latin America & Caribbean (excluding high income),LAC,2019,68.05
Latin America & the Caribbean (IDA & IBRD countries),TLA,2019,68.69
Latvia,LVA,2019,86.14
Least developed countries: UN classification,LDC,2019,21.38
Lebanon,LBN,2019,79.76
Lesotho,LSO,2019,42.3
Liberia,LBR,2019,23.48
Libya,LBY,2019,50.23
Liechtenstein,LIE,2019,93.15
Lithuania,LTU,2019,81.58
Low & middle income,LMY,2019,47.07
Low income,LIC,2019,16.06
Lower middle income,LMC,2019,36.4
Luxembourg,LUX,2019,97.12
Macao SAR, China,2019,83.79
Madagascar,MDG,2019,11.83
Malawi,MWI,2019,13.44
Malaysia,MYS,2019,84.19
Maldives,MDV,2019,77.47
Mali,MLI,2019,22.31
Malta,MLT,2019,85.78
Marshall Islands,MHL,2019,59.89
Mauritania,MRT,2019,42.32
Mauritius,MUS,2019,61.73
Mexico,MEX,2019,69.63
Micronesia, Fed. Sts.,2019,73.57
Middle East & North Africa,MEA,2019,67.33
Middle East & North Africa (IDA & IBRD countries),TMN,2019,62.12
Middle East & North Africa (excluding high income),MNA,2019,62.23
Middle income,MIC,2019,50.14
Moldova,MDA,2019,57.76
Monaco,MCO,2019,83.34
Mongolia,MNG,2019,51.08
Montenegro,MNE,2019,73.48
Morocco,MAR,2019,84.12
Mozambique,MOZ,2019,14.64
Myanmar,MMR,2019,30.64
Namibia,NAM,2019,44.83
Nauru,NRU,2019,74.74
Nepal,NPL,2019,34.81
Netherlands,NLD,2019,93.29
New Caledonia,NCL,2019,30.72
New Zealand,NZL,2019,89.86
Nicaragua,NIC,2019,44.92
Niger,NER,2019,16.61
Nigeria,NGA,2019,45.03
North America,NAC,2019,89.68
North Macedonia,MKD,2019,81.41
Northern Mariana Islands,MNP,2019,32.86
Norway,NOR,2019,98.0
Not classified,INX,2019,58.26
OECD members,OED,2019,84.78
Oman,OMN,2019,90.26
Other small states,OSS,2019,60.22
Pacific island small states,PSS,2019,55.03
Pakistan,PAK,2019,17.07
Palau,PLW,2019,31.5
Panama,PAN,2019,63.63
Papua New Guinea,PNG,2019,19.98
Paraguay,PRY,2019,68.52
Peru,PER,2019,59.95
Philippines,PHL,2019,43.03
Poland,POL,2019,80.44
Portugal,PRT,2019,75.35
Post-demographic dividend,PST,2019,87.47
Pre-demographic dividend,PRE,2019,26.05
Puerto Rico,PRI,2019,77.74
Qatar,QAT,2019,99.65
Romania,ROU,2019,73.66
Russian Federation,RUS,2019,82.64
Rwanda,RWA,2019,21.36
Samoa,WSM,2019,61.21
San Marino,SMR,2019,67.85
Sao Tome and Principe,STP,2019,30.23
Saudi Arabia,SAU,2019,95.72
Senegal,SEN,2019,36.24
Serbia,SRB,2019,77.42
Seychelles,SYC,2019,74.76
Sierra Leone,SLE,2019,16.8
Singapore,SGP,2019,88.95
Sint Maarten (Dutch part),SXM,2019,64.4
Slovak Republic,SVK,2019,82.85
Slovenia,SVN,2019,83.11
Small states,SST,2019,62.3
Solomon Islands,SLB,2019,28.2
Somalia,SOM,2019,72.63
South Africa,ZAF,2019,69.7
South Asia,SAS,2019,27.99
South Asia (IDA & IBRD),TSA,2019,27.99
South Sudan,SSD,2019,5.6
Spain,ESP,2019,90.72
Sri Lanka,LKA,2019,50.69
St. Kitts and Nevis,KNA,2019,79.78
St. Lucia,LCA,2019,76.98
St. Martin (French part),MAF,2019,83.96
St. Vincent and the Grenadines,VCT,2019,73.97
Sub-Saharan Africa,SSF,2019,27.76
Sub-Saharan Africa (IDA & IBRD countries),TSS,2019,27.76
Sub-Saharan Africa (excluding high income),SSA,2019,27.76
Sudan,SDN,2019,25.9
Suriname,SUR,2019,56.8
Sweden,SWE,2019,94.49
Switzerland,CHE,2019,93.15
Syrian Arab Republic,SYR,2019,34.65
Tajikistan,TJK,2019,67.33
Tanzania,TZA,2019,18.28
Thailand,THA,2019,66.65
Timor-Leste,TLS,2019,28.0
Togo,TGO,2019,20.73
Tonga,TON,2019,61.79
Trinidad and Tobago,TTO,2019,78.96
Tunisia,TUN,2019,66.7
Turkiye,TUR,2019,73.98
Turkmenistan,TKM,2019,68.01
Turks and Caicos Islands,TCA,2019,21.51
Tuvalu,TUV,2019,46.13
Uganda,UGA,2019,6.02
Ukraine,UKR,2019,70.12
United Arab Emirates,ARE,2019,99.15
United Kingdom,GBR,2019,92.52
United States,USA,2019,89.43
Upper middle income,UMC,2019,65.38
Uruguay,URY,2019,83.35
Uzbekistan,UZB,2019,70.4
Vanuatu,VUT,2019,50.73
Venezuela, RB,2019,72.64
Vietnam,VNM,2019,68.66
Virgin Islands (U.S.),VIR,2019,69.99
West Bank and Gaza,PSE,2019,70.62
World,WLD,2019,53.75
Yemen, Rep.,2019,66.87
Zambia,ZMB,2019,16.8
Zimbabwe,ZWE,2019,26.59
Afghanistan,AFG,2020,18.4
Africa Eastern and Southern,AFE,2020,24.99
Africa Western and Central,AFW,2020,41.75
Albania,ALB,2020,72.24
Algeria,DZA,2020,63.95
American Samoa,ASM,2020,86.1
Andorra,AND,2020,93.21
Angola,AGO,2020,32.55
Antigua and Barbuda,ATG,2020,95.69
Arab World,ARB,2020,66.42
Argentina,ARG,2020,85.51
Armenia,ARM,2020,76.51
Aruba,ABW,2020,
Australia,AUS,2020,96.39
Austria,AUT,2020,87.53
Azerbaijan,AZE,2020,84.6
Bahamas, The,2020,90.69
Bahrain,BHR,2020,99.67
Bangladesh,BGD,2020,32.87
Barbados,BRB,2020,82.46
Belarus,BLR,2020,85.09
Belgium,BEL,2020,91.53
Belize,BLZ,2020,59.51
Benin,BEN,2020,28.23
Bermuda,BMU,2020,59.72
Bhutan,BTN,2020,79.87
Bolivia,BOL,2020,59.94
Bosnia and Herzegovina,BIH,2020,73.21
Botswana,BWA,2020,72.75
Brazil,BRA,2020,81.34
British Virgin Islands,VGB,2020,75.36
Brunei Darussalam,BRN,2020,96.07
Bulgaria,BGR,2020,70.16
Burkina Faso,BFA,2020,13.94
Burundi,BDI,2020,3.79
Cabo Verde,CPV,2020,63.16
Cambodia,KHM,2020,53.65
Cameroon,CMR,2020,45.53
Canada,CAN,2020,92.3
Caribbean small states,CSS,2020,77.96
Cayman Islands,CYM,2020,84.24
Central African Republic,CAF,2020,8.57
Central Europe and the Baltics,CEB,2020,81.78
Chad,TCD,2020,11.66
Channel Islands,CHI,2020,90.36
Chile,CHL,2020,86.37
China,CHN,2020,70.05
Colombia,COL,2020,70.85
Comoros,COM,2020,21.16
Congo, Dem. Rep.,2020,16.48
Congo, Rep.,2020,43.67
Costa Rica,CRI,2020,80.53
Cote d'Ivoire,CIV,2020,41.37
Croatia,HRV,2020,78.32
Cuba,CUB,2020,71.12
Curacao,CUW,2020,77.68
Cyprus,CYP,2020,90.8
Czechia,CZE,2020,81.34
Denmark,DNK,2020,96.55
Djibouti,DJI,2020,61.26
Dominica,DMA,2020,77.07
Dominican Republic,DOM,2020,82.2
Early-demographic dividend,EAR,2020,48.17
East Asia & Pacific,EAS,2020,68.9
East Asia & Pacific (IDA & IBRD countries),TEA,2020,66.17
East Asia & Pacific (excluding high income),EAP,2020,66.17
Ecuador,ECU,2020,70.7
Egypt, Arab Rep.,2020,57.28
El Salvador,SLV,2020,54.6
Equatorial Guinea,GNQ,2020,53.84
Eritrea,ERI,2020,14.18
Estonia,EST,2020,89.06
Eswatini,SWZ,2020,56.42
Ethiopia,ETH,2020,16.42
Euro area,EMU,2020,85.3
Europe & Central Asia,ECS,2020,83.73
Europe & Central Asia (IDA & IBRD countries),TEC,2020,80.1
Europe & Central Asia (excluding high income),ECA,2020,79.89
European Union,EUU,2020,84.77
Faroe Islands,FRO,2020,62.28
Fiji,FJI,2020,84.88
Finland,FIN,2020,92.17
Fragile and conflict affected situations,FCS,2020,34.41
France,FRA,2020,84.71
French Polynesia,PYF,2020,94.14
Gabon,GAB,2020,70.79
Gambia, The,2020,28.8
Georgia,GEO,2020,72.53
Germany,DEU,2020,89.81
Ghana,GHA,2020,56.68
Gibraltar,GIB,2020,42.75
Greece,GRC,2020,78.12
Greenland,GRL,2020,61.12
Grenada,GRD,2020,74.72
Guam,GUM,2020,64.66
Guatemala,GTM,2020,47.51
Guinea,GIN,2020,28.82
Guinea-Bissau,GNB,2020,27.91
Guyana,GUY,2020,81.8
Haiti,HTI,2020,36.39
Heavily indebted poor countries (HIPC),HPC,2020,24.51
High income,HIC,2020,89.45
Honduras,HND,2020,43.49
Hong Kong SAR, China,2020,91.74
Hungary,HUN,2020,84.77
IBRD only,IBD,2020,62.48
IDA & IBRD total,IBT,2020,54.28
IDA blend,IDB,2020,36.21
IDA only,IDX,2020,28.06
IDA total,IDA,2020,30.83
Iceland,ISL,2020,99.53
India,IND,2020,43.41
Indonesia,IDN,2020,53.73
Iran, Islamic Rep.,2020,72.45
Iraq,IRQ,2020,45.79
Ireland,IRL,2020,92.0
Isle of Man,IMN,2020,35.73
Israel,ISR,2020,90.13
Italy,ITA,2020,70.48
Jamaica,JAM,2020,79.43
Japan,JPN,2020,90.22
Jordan,JOR,2020,75.45
Kazakhstan,KAZ,2020,85.94
Kenya,KEN,2020,25.53
Kiribati,KIR,2020,45.15
Korea, Rep.,2020,96.16
Korea, Dem. People's Rep.,2020,62.3
Kosovo,XKX,2020,69.58
Kuwait,KWT,2020,99.11
Kyrgyz Republic,KGZ,2020,72.0
Lao PDR,LAO,2020,54.0
Late-demographic dividend,LTE,2020,73.9
Latin America & Caribbean,LCN,2020,74.0
Latin America & Caribbean (excluding high income),LAC,2020,73.54
Latin America & the Caribbean (IDA & IBRD countries),TLA,2020,74.04
Latvia,LVA,2020,88.9
Least developed countries: UN classification,LDC,2020,25.46
Lebanon,LBN,2020,83.1
Lesotho,LSO,2020,42.86
Liberia,LBR,2020,27.95
Libya,LBY,2020,52.75
Liechtenstein,LIE,2020,94.35
Lithuania,LTU,2020,83.06
Low & middle income,LMY,2020,53.93
Low income,LIC,2020,18.75
Lower middle income,LMC,2020,45.56
Luxembourg,LUX,2020,98.82
Macao SAR, China,2020,86.47
Madagascar,MDG,2020,13.72
Malawi,MWI,2020,18.93
Malaysia,MYS,2020,89.56
Maldives,MDV,2020,77.59
Mali,MLI,2020,27.86
Malta,MLT,2020,86.86
Marshall Islands,MHL,2020,64.49
Mauritania,MRT,2020,53.52
Mauritius,MUS,2020,64.88
Mexico,MEX,2020,71.49
Micronesia, Fed. Sts.,2020,39.85
Middle East & North Africa,MEA,2020,72.77
Middle East & North Africa (IDA & IBRD countries),TMN,2020,68.28
Middle East & North Africa (excluding high income),MNA,2020,68.37
Middle income,MIC,2020,57.48
Moldova,MDA,2020,59.15
Monaco,MCO,2020,84.71
Mongolia,MNG,2020,65.63
Montenegro,MNE,2020,77.61
Morocco,MAR,2020,84.12
Mozambique,MOZ,2020,16.31
Myanmar,MMR,2020,41.95
Namibia,NAM,2020,48.76
Nauru,NRU,2020,76.68
Nepal,NPL,2020,45.85
Netherlands,NLD,2020,91.33
New Caledonia,NCL,2020,35.11
New Zealand,NZL,2020,92.87
Nicaragua,NIC,2020,53.4
Niger,NER,2020,21.46
Nigeria,NGA,2020,51.46
North America,NAC,2020,90.79
North Macedonia,MKD,2020,81.41
Northern Mariana Islands,MNP,2020,40.97
Norway,NOR,2020,97.0
Not classified,INX,2020,67.7
OECD members,OED,2020,86.25
Oman,OMN,2020,95.23
Other small states,OSS,2020,62.96
Pacific island small states,PSS,2020,61.17
Pakistan,PAK,2020,18.93
Palau,PLW,2020,37.42
Panama,PAN,2020,65.54
Papua New Guinea,PNG,2020,27.73
Paraguay,PRY,2020,73.96
Peru,PER,2020,65.25
Philippines,PHL,2020,47.11
Poland,POL,2020,83.18
Portugal,PRT,2020,78.26
Post-demographic dividend,PST,2020,88.63
Pre-demographic dividend,PRE,2020,30.37
Puerto Rico,PRI,2020,46.34
Qatar,QAT,2020,99.65
Romania,ROU,2020,78.46
Russian Federation,RUS,2020,84.99
Rwanda,RWA,2020,23.8
Samoa,WSM,2020,69.21
San Marino,SMR,2020,70.48
Sao Tome and Principe,STP,2020,40.31
Saudi Arabia,SAU,2020,97.86
Senegal,SEN,2020,47.18
Serbia,SRB,2020,78.37
Seychelles,SYC,2020,75.47
Sierra Leone,SLE,2020,18.0
Singapore,SGP,2020,92.0
Sint Maarten (Dutch part),SXM,2020,65.95
Slovak Republic,SVK,2020,89.92
Slovenia,SVN,2020,86.6
Small states,SST,2020,65.51
Solomon Islands,SLB,2020,35.88
Somalia,SOM,2020,74.43
South Africa,ZAF,2020,70.32
South Asia,SAS,2020,39.24
South Asia (IDA & IBRD),TSA,2020,39.24
South Sudan,SSD,2020,6.5
Spain,ESP,2020,93.21
Sri Lanka,LKA,2020,59.21
St. Kitts and Nevis,KNA,2020,80.36
St. Lucia,LCA,2020,77.54
St. Martin (French part),MAF,2020,85.29
St. Vincent and the Grenadines,VCT,2020,80.43
Sub-Saharan Africa,SSF,2020,31.82
Sub-Saharan Africa (IDA & IBRD countries),TSS,2020,31.82
Sub-Saharan Africa (excluding high income),SSA,2020,31.82
Sudan,SDN,2020,28.4
Suriname,SUR,2020,62.09
Sweden,SWE,2020,94.54
Switzerland,CHE,2020,94.35
Syrian Arab Republic,SYR,2020,35.78
Tajikistan,TJK,2020,76.57
Tanzania,TZA,2020,23.45
Thailand,THA,2020,77.84
Timor-Leste,TLS,2020,34.13
Togo,TGO,2020,29.08
Tonga,TON,2020,66.65
Trinidad and Tobago,TTO,2020,78.67
Tunisia,TUN,2020,72.81
Turkiye,TUR,2020,77.67
Turkmenistan,TKM,2020,75.31
Turks and Caicos Islands,TCA,2020,23.72
Tuvalu,TUV,2020,50.56
Uganda,UGA,2020,6.1
Ukraine,UKR,2020,75.04
United Arab Emirates,ARE,2020,100.0
United Kingdom,GBR,2020,94.82
United States,USA,2020,90.62
Upper middle income,UMC,2020,70.83
Uruguay,URY,2020,86.31
Uzbekistan,UZB,2020,71.1
Vanuatu,VUT,2020,53.28
Venezuela, RB,2020,77.9
Vietnam,VNM,2020,70.3
Virgin Islands (U.S.),VIR,2020,72.83
West Bank and Gaza,PSE,2020,74.6
World,WLD,2020,59.64
Yemen, Rep.,2020,69.95
Zambia,ZMB,2020,18.05
Zimbabwe,ZWE,2020,29.3
